"Date","Price","Open","High","Low","Vol.","Change %"
"05/10/2024","2.150","2.210","2.220","2.120","3.86M","-1.83%"
"05/09/2024","2.190","2.160","2.230","2.140","1.63M","0.92%"
"05/08/2024","2.170","2.140","2.200","2.048","3.63M","0.00%"
"05/07/2024","2.170","2.250","2.250","2.130","3.69M","-5.24%"
"05/06/2024","2.290","2.240","2.320","2.235","4.35M","4.09%"
"05/03/2024","2.200","2.170","2.250","2.170","4.63M","2.33%"
"05/02/2024","2.150","2.090","2.150","2.010","3.89M","6.97%"
"05/01/2024","2.010","1.960","2.110","1.895","3.61M","-0.99%"
"04/30/2024","2.030","2.110","2.135","1.935","5.90M","-5.58%"
"04/29/2024","2.150","2.270","2.270","2.120","3.87M","-6.93%"
"04/26/2024","2.310","2.200","2.330","2.180","4.38M","3.59%"
"04/25/2024","2.230","2.130","2.230","2.010","3.45M","-0.45%"
"04/24/2024","2.240","2.220","2.310","2.130","8.98M","0.90%"
"04/23/2024","2.220","2.190","2.290","2.140","7.44M","1.37%"
"04/22/2024","2.190","1.990","2.190","1.920","9.13M","10.61%"
"04/19/2024","1.980","1.980","2.045","1.935","5.08M","2.59%"
"04/18/2024","1.930","1.840","1.990","1.790","4.47M","6.63%"
"04/17/2024","1.810","1.870","1.910","1.760","4.45M","-0.55%"
"04/16/2024","1.820","1.850","1.870","1.760","5.91M","-3.19%"
"04/15/2024","1.880","2.070","2.085","1.860","8.64M","-8.74%"
"04/12/2024","2.060","2.220","2.230","2.050","4.79M","-8.44%"
"04/11/2024","2.250","2.230","2.280","2.120","4.04M","1.81%"
"04/10/2024","2.210","2.220","2.300","2.190","5.19M","-3.49%"
"04/09/2024","2.290","2.360","2.390","2.250","5.45M","-2.97%"
"04/08/2024","2.360","2.530","2.540","2.320","5.85M","-2.07%"
"04/05/2024","2.410","2.350","2.520","2.300","6.22M","0.00%"
"04/04/2024","2.410","2.490","2.590","2.400","7.15M","-0.41%"
"04/03/2024","2.420","2.490","2.510","2.380","4.03M","-1.63%"
"04/02/2024","2.460","2.580","2.595","2.450","4.41M","-10.87%"
"04/01/2024","2.760","2.850","2.900","2.660","7.85M","-3.83%"
"03/28/2024","2.870","2.580","2.960","2.520","17.00M","14.80%"
"03/27/2024","2.500","2.360","2.580","2.315","9.69M","9.65%"
"03/26/2024","2.280","2.460","2.474","2.270","6.48M","-5.39%"
"03/25/2024","2.410","2.460","2.570","2.400","8.38M","0.84%"
"03/22/2024","2.390","2.530","2.530","2.330","5.60M","-6.64%"
"03/21/2024","2.560","2.550","2.655","2.490","8.20M","1.19%"
"03/20/2024","2.530","2.120","2.530","2.105","12.96M","18.22%"
"03/19/2024","2.140","2.160","2.210","2.035","6.40M","-1.38%"
"03/18/2024","2.170","2.230","2.270","2.115","6.87M","-1.81%"
"03/15/2024","2.210","2.040","2.220","2.030","9.26M","5.24%"
"03/14/2024","2.100","2.220","2.220","2.070","5.77M","-6.67%"
"03/13/2024","2.250","2.230","2.350","2.210","5.43M","0.45%"
"03/12/2024","2.240","2.300","2.310","2.170","8.65M","-4.68%"
"03/11/2024","2.350","2.530","2.550","2.330","6.74M","-4.86%"
"03/08/2024","2.470","2.340","2.600","2.340","7.59M","6.01%"
"03/07/2024","2.330","2.340","2.425","2.270","4.57M","-0.85%"
"03/06/2024","2.350","2.440","2.460","2.195","9.14M","-1.05%"
"03/05/2024","2.375","2.460","2.600","2.370","6.80M","-5.38%"
"03/04/2024","2.510","2.760","2.835","2.430","10.43M","-7.38%"
"03/01/2024","2.710","2.620","2.715","2.510","6.69M","4.23%"
"02/29/2024","2.600","2.910","2.930","2.570","8.27M","-6.81%"
"02/28/2024","2.790","3.250","3.250","2.770","16.63M","-10.00%"
"02/27/2024","3.100","3.320","3.340","2.920","14.38M","-1.27%"
"02/26/2024","3.140","2.690","3.160","2.684","15.74M","17.16%"
"02/23/2024","2.680","2.680","2.700","2.550","6.37M","-2.55%"
"02/22/2024","2.750","2.790","2.850","2.720","6.37M","1.10%"
"02/21/2024","2.720","2.730","2.860","2.720","6.16M","-5.23%"
"02/20/2024","2.870","3.110","3.200","2.765","9.06M","-6.51%"
"02/16/2024","3.070","3.170","3.300","2.990","10.29M","-0.65%"
"02/15/2024","3.090","3.450","3.500","3.050","13.95M","-8.17%"
"02/14/2024","3.365","3.321","3.460","3.250","11.27M","10.33%"
"02/13/2024","3.050","3.050","3.210","2.940","7.71M","-7.01%"
"02/12/2024","3.280","3.050","3.350","3.040","13.68M","7.89%"
"02/09/2024","3.040","2.990","3.060","2.840","12.91M","10.95%"
"02/08/2024","2.740","2.510","2.755","2.485","8.60M","12.76%"
"02/07/2024","2.430","2.470","2.488","2.274","5.69M","-1.22%"
"02/06/2024","2.460","2.390","2.500","2.340","3.67M","2.50%"
"02/05/2024","2.400","2.560","2.570","2.400","3.60M","-6.25%"
"02/02/2024","2.560","2.620","2.666","2.500","3.77M","-4.83%"
"02/01/2024","2.690","2.700","2.775","2.580","4.57M","1.89%"
"01/31/2024","2.640","2.750","2.885","2.640","8.78M","-6.38%"
"01/30/2024","2.820","2.930","3.020","2.780","5.41M","-4.41%"
"01/29/2024","2.950","2.860","3.035","2.760","7.30M","5.36%"
"01/26/2024","2.800","2.690","2.835","2.660","7.28M","9.38%"
"01/25/2024","2.560","2.480","2.589","2.460","4.86M","3.64%"
"01/24/2024","2.470","2.600","2.720","2.432","4.66M","-1.59%"
"01/23/2024","2.510","2.530","2.620","2.472","4.62M","-3.83%"
"01/22/2024","2.610","2.460","2.700","2.430","5.86M","3.16%"
"01/19/2024","2.530","2.460","2.590","2.340","7.88M","2.02%"
"01/18/2024","2.480","2.760","2.815","2.450","7.28M","-7.81%"
"01/17/2024","2.690","2.670","2.727","2.620","5.64M","-3.24%"
"01/16/2024","2.780","2.840","2.950","2.725","7.28M","-4.79%"
"01/12/2024","2.920","3.110","3.200","2.890","10.65M","-7.59%"
"01/11/2024","3.160","3.880","3.900","3.130","17.45M","-8.67%"
"01/10/2024","3.460","3.360","3.620","3.300","9.48M","-0.57%"
"01/09/2024","3.480","3.660","3.720","3.480","7.70M","-7.20%"
"01/08/2024","3.750","3.730","3.880","3.429","11.54M","4.75%"
"01/05/2024","3.580","3.750","3.790","3.430","6.90M","-6.77%"
"01/04/2024","3.840","3.760","4.120","3.620","9.67M","2.95%"
"01/03/2024","3.730","3.455","3.910","3.360","13.04M","-2.10%"
"01/02/2024","3.810","4.830","4.849","3.760","17.87M","-9.93%"
"12/29/2023","4.230","5.200","5.270","4.080","25.13M","-16.90%"
"12/28/2023","5.090","4.750","5.200","4.640","22.50M","2.21%"
"12/27/2023","4.980","4.450","5.090","4.420","28.77M","18.57%"
"12/26/2023","4.200","3.860","4.277","3.755","12.61M","7.69%"
"12/22/2023","3.900","3.400","4.000","3.310","16.07M","12.72%"
"12/21/2023","3.460","3.500","3.520","3.260","9.00M","4.53%"
"12/20/2023","3.310","3.400","3.720","3.310","17.54M","0.91%"
"12/19/2023","3.280","3.330","3.500","3.165","9.04M","0.61%"
"12/18/2023","3.260","3.110","3.335","3.080","6.42M","1.87%"
"12/15/2023","3.200","3.260","3.270","3.140","7.12M","-2.74%"
"12/14/2023","3.290","3.270","3.400","3.140","7.33M","2.17%"
"12/13/2023","3.220","2.940","3.240","2.840","7.57M","9.52%"
"12/12/2023","2.940","2.960","3.070","2.890","4.41M","1.73%"
"12/11/2023","2.890","3.220","3.260","2.800","10.14M","-18.59%"
"12/08/2023","3.550","3.450","3.590","3.360","7.77M","5.97%"
"12/07/2023","3.350","3.200","3.500","3.100","7.23M","0.90%"
"12/06/2023","3.320","3.390","3.450","3.235","7.29M","0.00%"
"12/05/2023","3.320","3.200","3.435","3.160","10.48M","4.73%"
"12/04/2023","3.170","3.080","3.210","2.950","12.88M","11.23%"
"12/01/2023","2.850","2.650","2.900","2.600","7.23M","10.47%"
"11/30/2023","2.580","2.660","2.695","2.550","3.89M","-1.53%"
"11/29/2023","2.620","2.580","2.710","2.520","6.15M","2.34%"
"11/28/2023","2.560","2.370","2.580","2.350","8.31M","9.87%"
"11/27/2023","2.330","2.250","2.380","2.230","2.77M","0.00%"
"11/24/2023","2.330","2.250","2.400","2.218","2.99M","3.10%"
"11/22/2023","2.260","2.250","2.260","2.125","2.65M","1.80%"
"11/21/2023","2.220","2.280","2.300","2.190","3.28M","-4.10%"
"11/20/2023","2.315","2.190","2.350","2.190","5.00M","7.18%"
"11/17/2023","2.160","2.100","2.170","2.060","2.64M","4.35%"
"11/16/2023","2.070","2.210","2.280","2.050","3.83M","-7.59%"
"11/15/2023","2.240","2.130","2.269","2.075","4.55M","6.67%"
"11/14/2023","2.100","1.990","2.100","1.970","4.11M","6.60%"
"11/13/2023","1.970","2.060","2.070","1.970","3.70M","-5.74%"
"11/10/2023","2.090","2.130","2.140","2.010","4.26M","-0.48%"
"11/09/2023","2.100","2.280","2.437","2.090","6.46M","0.00%"
"11/08/2023","2.100","2.260","2.260","2.100","2.58M","-7.08%"
"11/07/2023","2.260","2.210","2.280","2.160","2.20M","0.89%"
"11/06/2023","2.240","2.350","2.404","2.210","3.08M","-3.45%"
"11/03/2023","2.320","2.280","2.390","2.250","3.36M","1.75%"
"11/02/2023","2.280","2.130","2.280","2.120","4.10M","10.68%"
"11/01/2023","2.060","2.100","2.120","2.000","2.39M","-1.90%"
"10/31/2023","2.100","2.000","2.100","1.960","5.79M","3.45%"
"10/30/2023","2.030","2.130","2.160","1.970","3.58M","-1.22%"
"10/27/2023","2.055","2.140","2.185","2.050","2.16M","-2.84%"
"10/26/2023","2.115","2.270","2.290","2.075","3.47M","-8.44%"
"10/25/2023","2.310","2.350","2.440","2.250","5.73M","0.00%"
"10/24/2023","2.310","2.370","2.570","2.205","13.00M","5.48%"
"10/23/2023","2.190","2.150","2.340","2.100","9.57M","5.80%"
"10/20/2023","2.070","2.040","2.155","2.000","3.84M","4.02%"
"10/19/2023","1.990","2.020","2.070","1.965","2.11M","0.51%"
"10/18/2023","1.980","2.110","2.150","1.965","3.11M","-7.48%"
"10/17/2023","2.140","2.050","2.205","2.030","2.31M","2.39%"
"10/16/2023","2.090","2.160","2.190","2.000","4.19M","3.98%"
"10/13/2023","2.010","2.040","2.065","1.980","1.86M","-0.50%"
"10/12/2023","2.020","2.110","2.110","1.990","2.09M","-3.81%"
"10/11/2023","2.100","2.200","2.230","2.065","1.83M","-3.23%"
"10/10/2023","2.170","2.210","2.320","2.160","2.52M","-0.91%"
"10/09/2023","2.190","2.080","2.201","2.070","1.49M","-1.35%"
"10/06/2023","2.220","2.020","2.240","2.000","2.80M","6.73%"
"10/05/2023","2.080","2.130","2.170","2.020","2.51M","-1.42%"
"10/04/2023","2.110","2.040","2.110","1.970","1.62M","3.94%"
"10/03/2023","2.030","2.160","2.190","2.000","2.42M","-8.97%"
"10/02/2023","2.230","2.300","2.390","2.200","2.87M","4.21%"
"09/29/2023","2.140","2.210","2.260","2.125","1.62M","-1.38%"
"09/28/2023","2.170","2.080","2.240","2.040","2.44M","4.83%"
"09/27/2023","2.070","2.100","2.175","2.030","2.00M","2.48%"
"09/26/2023","2.020","2.040","2.100","2.010","931.77K","-1.94%"
"09/25/2023","2.060","2.010","2.100","1.950","2.16M","-0.96%"
"09/22/2023","2.080","2.060","2.170","2.050","1.44M","0.73%"
"09/21/2023","2.065","2.150","2.180","2.050","3.06M","-9.43%"
"09/20/2023","2.280","2.330","2.380","2.260","1.72M","-3.39%"
"09/19/2023","2.360","2.340","2.425","2.215","2.46M","1.72%"
"09/18/2023","2.320","2.410","2.520","2.310","3.37M","1.75%"
"09/15/2023","2.280","2.300","2.320","2.220","2.64M","-0.87%"
"09/14/2023","2.300","2.280","2.420","2.240","2.86M","6.48%"
"09/13/2023","2.160","2.250","2.260","2.140","1.93M","-4.42%"
"09/12/2023","2.260","2.180","2.470","2.160","4.19M","8.65%"
"09/11/2023","2.080","2.130","2.130","2.060","2.09M","-2.35%"
"09/08/2023","2.130","2.200","2.200","2.085","1.51M","-3.62%"
"09/07/2023","2.210","2.200","2.250","2.065","1.86M","0.00%"
"09/06/2023","2.210","2.200","2.310","2.180","1.97M","0.45%"
"09/05/2023","2.200","2.280","2.300","2.200","1.67M","-4.35%"
"09/01/2023","2.300","2.350","2.430","2.240","2.63M","-2.13%"
"08/31/2023","2.350","2.560","2.610","2.340","3.38M","-8.91%"
"08/30/2023","2.580","2.650","2.650","2.467","3.74M","-3.37%"
"08/29/2023","2.670","2.360","2.710","2.300","8.14M","13.62%"
"08/28/2023","2.350","2.370","2.429","2.330","2.25M","0.43%"
"08/25/2023","2.340","2.460","2.490","2.250","4.27M","-4.88%"
"08/24/2023","2.460","2.710","2.710","2.430","2.88M","-6.46%"
"08/23/2023","2.630","2.400","2.725","2.381","4.02M","8.68%"
"08/22/2023","2.420","2.600","2.630","2.400","2.81M","-4.72%"
"08/21/2023","2.540","2.690","2.720","2.500","2.97M","-3.42%"
"08/18/2023","2.630","2.540","2.735","2.530","3.74M","-2.23%"
"08/17/2023","2.690","3.060","3.075","2.680","5.00M","-12.94%"
"08/16/2023","3.090","3.160","3.230","3.080","2.85M","-4.92%"
"08/15/2023","3.250","3.450","3.505","3.240","2.50M","-6.34%"
"08/14/2023","3.470","3.500","3.580","3.312","2.33M","-3.07%"
"08/11/2023","3.580","3.510","3.690","3.470","1.57M","0.00%"
"08/10/2023","3.580","3.650","3.750","3.550","2.12M","-2.45%"
"08/09/2023","3.670","3.900","3.900","3.630","2.51M","-4.43%"
"08/08/2023","3.840","3.770","3.870","3.590","2.56M","5.21%"
"08/07/2023","3.650","3.760","3.770","3.380","3.91M","-2.93%"
"08/04/2023","3.760","3.930","3.970","3.750","2.91M","-4.57%"
"08/03/2023","3.940","4.080","4.155","3.930","2.83M","-4.83%"
"08/02/2023","4.140","4.360","4.389","4.090","3.34M","-5.69%"
"08/01/2023","4.390","4.300","4.465","4.150","3.74M","-0.90%"
"07/31/2023","4.430","4.290","4.490","4.175","15.35M","4.73%"
"07/28/2023","4.230","4.060","4.330","4.035","3.76M","6.55%"
"07/27/2023","3.970","4.100","4.305","3.930","8.07M","-0.50%"
"07/26/2023","3.990","3.730","4.010","3.700","3.03M","5.56%"
"07/25/2023","3.780","3.800","3.990","3.770","2.78M","-0.53%"
"07/24/2023","3.800","3.850","3.860","3.620","3.40M","-4.04%"
"07/21/2023","3.960","3.980","4.060","3.790","3.65M","0.51%"
"07/20/2023","3.940","4.160","4.251","3.920","4.53M","-4.83%"
"07/19/2023","4.140","4.060","4.200","4.010","3.40M","3.24%"
"07/18/2023","4.010","3.980","4.100","3.900","4.17M","-1.47%"
"07/17/2023","4.070","4.110","4.250","4.010","4.91M","-0.97%"
"07/14/2023","4.110","4.350","4.600","4.060","7.02M","-6.80%"
"07/13/2023","4.410","3.940","4.480","3.905","10.69M","13.66%"
"07/12/2023","3.880","4.220","4.230","3.820","7.05M","-5.60%"
"07/11/2023","4.110","3.950","4.125","3.841","5.34M","3.01%"
"07/10/2023","3.990","4.010","4.050","3.700","7.84M","-1.48%"
"07/07/2023","4.050","4.180","4.320","4.000","6.90M","-2.64%"
"07/06/2023","4.160","4.500","4.500","4.000","7.54M","-6.52%"
"07/05/2023","4.450","4.360","4.640","4.300","5.27M","-3.05%"
"07/03/2023","4.590","4.100","4.640","4.100","6.73M","13.05%"
"06/30/2023","4.060","4.530","4.640","4.020","8.65M","-6.88%"
"06/29/2023","4.360","4.575","4.795","4.260","5.42M","-2.46%"
"06/28/2023","4.470","4.270","4.510","4.120","6.75M","-0.22%"
"06/27/2023","4.480","4.180","4.480","4.090","6.47M","11.72%"
"06/26/2023","4.010","4.350","4.480","3.910","6.59M","-7.82%"
"06/23/2023","4.350","4.010","4.600","3.956","22.00M","5.58%"
"06/22/2023","4.120","4.055","4.150","3.771","6.94M","2.23%"
"06/21/2023","4.030","4.030","4.180","3.910","10.81M","4.68%"
"06/20/2023","3.850","3.440","3.970","3.420","8.30M","14.58%"
"06/16/2023","3.360","3.180","3.540","3.120","11.16M","8.04%"
"06/15/2023","3.110","3.100","3.140","2.965","4.19M","-4.89%"
"06/14/2023","3.270","3.100","3.290","3.090","4.55M","5.48%"
"06/13/2023","3.100","3.060","3.160","2.980","4.54M","5.08%"
"06/12/2023","2.950","2.830","3.010","2.780","2.80M","3.15%"
"06/09/2023","2.860","3.050","3.070","2.850","2.40M","-3.38%"
"06/08/2023","2.960","2.800","3.050","2.770","3.19M","4.96%"
"06/07/2023","2.820","2.940","3.040","2.810","3.11M","-5.37%"
"06/06/2023","2.980","2.770","3.000","2.525","6.91M","7.19%"
"06/05/2023","2.780","2.970","3.020","2.780","4.77M","-9.45%"
"06/02/2023","3.070","3.250","3.289","3.000","3.95M","-3.76%"
"06/01/2023","3.190","3.370","3.450","3.150","6.00M","-5.90%"
"05/31/2023","3.390","3.100","3.430","3.010","4.70M","3.67%"
"05/30/2023","3.270","2.990","3.300","2.970","6.06M","18.05%"
"05/26/2023","2.770","2.490","2.890","2.490","5.42M","11.24%"
"05/25/2023","2.490","2.580","2.630","2.380","2.66M","-0.80%"
"05/24/2023","2.510","2.470","2.570","2.390","1.87M","0.80%"
"05/23/2023","2.490","2.630","2.690","2.480","2.83M","-2.35%"
"05/22/2023","2.550","2.340","2.590","2.320","2.55M","8.97%"
"05/19/2023","2.340","2.480","2.525","2.325","2.05M","-4.49%"
"05/18/2023","2.450","2.390","2.580","2.345","3.22M","3.38%"
"05/17/2023","2.370","2.170","2.390","2.120","2.23M","8.22%"
"05/16/2023","2.190","2.130","2.240","2.120","1.35M","0.00%"
"05/15/2023","2.190","2.060","2.240","2.055","2.32M","10.61%"
"05/12/2023","1.980","2.010","2.090","1.930","2.62M","-2.94%"
"05/11/2023","2.040","2.240","2.260","2.020","3.34M","-10.53%"
"05/10/2023","2.280","2.330","2.550","2.130","6.92M","0.44%"
"05/09/2023","2.270","2.290","2.350","2.230","1.63M","-0.44%"
"05/08/2023","2.280","2.200","2.301","2.050","3.49M","-3.39%"
"05/05/2023","2.360","2.250","2.430","2.240","3.51M","4.89%"
"05/04/2023","2.250","2.100","2.300","2.085","3.73M","8.70%"
"05/03/2023","2.070","2.010","2.180","1.930","2.62M","2.48%"
"05/02/2023","2.020","1.880","2.030","1.860","2.17M","6.88%"
"05/01/2023","1.890","1.940","1.970","1.845","1.85M","-4.55%"
"04/28/2023","1.980","1.890","2.035","1.830","2.28M","3.66%"
"04/27/2023","1.910","1.860","1.910","1.740","2.17M","7.91%"
"04/26/2023","1.770","1.800","1.950","1.770","4.56M","7.27%"
"04/25/2023","1.650","1.660","1.739","1.610","3.17M","-2.37%"
"04/24/2023","1.690","1.780","1.860","1.665","2.49M","-5.59%"
"04/21/2023","1.790","1.780","1.878","1.705","3.10M","4.07%"
"04/20/2023","1.720","1.940","2.020","1.700","3.77M","-16.10%"
"04/19/2023","2.050","1.950","2.100","1.900","3.27M","-3.30%"
"04/18/2023","2.120","2.110","2.210","2.010","4.43M","4.43%"
"04/17/2023","2.030","1.810","2.030","1.760","2.96M","3.57%"
"04/14/2023","1.960","2.030","2.050","1.841","5.74M","3.16%"
"04/13/2023","1.900","1.710","1.960","1.710","5.54M","16.56%"
"04/12/2023","1.630","1.800","1.840","1.620","3.83M","-9.94%"
"04/11/2023","1.810","1.720","1.880","1.715","5.81M","8.38%"
"04/10/2023","1.670","1.540","1.695","1.485","3.05M","9.87%"
"04/06/2023","1.520","1.450","1.570","1.430","1.06M","3.40%"
"04/05/2023","1.470","1.540","1.550","1.440","1.03M","-4.55%"
"04/04/2023","1.540","1.520","1.555","1.486","963.34K","0.00%"
"04/03/2023","1.540","1.540","1.560","1.430","1.97M","0.00%"
"03/31/2023","1.540","1.450","1.550","1.412","2.85M","7.69%"
"03/30/2023","1.430","1.470","1.540","1.405","2.50M","-2.05%"
"03/29/2023","1.460","1.420","1.480","1.360","2.77M","7.35%"
"03/28/2023","1.360","1.330","1.367","1.280","936.13K","2.26%"
"03/27/2023","1.330","1.400","1.410","1.260","1.54M","-5.00%"
"03/24/2023","1.400","1.380","1.457","1.352","1.56M","-2.10%"
"03/23/2023","1.430","1.370","1.480","1.330","2.57M","8.33%"
"03/22/2023","1.320","1.450","1.520","1.310","2.61M","-8.33%"
"03/21/2023","1.440","1.300","1.470","1.300","3.00M","10.77%"
"03/20/2023","1.300","1.350","1.380","1.250","3.33M","2.36%"
"03/17/2023","1.270","1.320","1.360","1.260","3.60M","4.96%"
"03/16/2023","1.210","1.180","1.250","1.120","1.27M","2.54%"
"03/15/2023","1.180","1.200","1.220","1.120","1.53M","-0.84%"
"03/14/2023","1.190","1.260","1.280","1.170","3.26M","1.71%"
"03/13/2023","1.170","1.060","1.200","1.020","2.39M","17.00%"
"03/10/2023","1.000","1.020","1.040","0.971","1.64M","-6.54%"
"03/09/2023","1.070","1.170","1.190","1.060","1.03M","-9.32%"
"03/08/2023","1.180","1.160","1.210","1.150","682.76K","1.72%"
"03/07/2023","1.160","1.240","1.250","1.160","850.41K","-5.69%"
"03/06/2023","1.230","1.210","1.310","1.210","907.30K","-0.40%"
"03/03/2023","1.235","1.200","1.260","1.200","1.20M","-1.98%"
"03/02/2023","1.260","1.220","1.300","1.190","1.03M","-0.79%"
"03/01/2023","1.270","1.280","1.300","1.230","964.30K","0.79%"
"02/28/2023","1.260","1.250","1.319","1.235","1.25M","2.44%"
"02/27/2023","1.230","1.260","1.330","1.230","818.69K","-3.15%"
"02/24/2023","1.270","1.340","1.340","1.230","1.09M","-7.30%"
"02/23/2023","1.370","1.400","1.400","1.310","927.92K","0.00%"
"02/22/2023","1.370","1.360","1.429","1.300","1.26M","-2.84%"
"02/21/2023","1.410","1.440","1.525","1.380","1.47M","-5.37%"
"02/17/2023","1.490","1.410","1.490","1.354","2.18M","2.76%"
"02/16/2023","1.450","1.540","1.680","1.430","3.46M","-5.84%"
"02/15/2023","1.540","1.390","1.550","1.329","2.94M","12.41%"
"02/14/2023","1.370","1.190","1.390","1.160","1.88M","16.10%"
"02/13/2023","1.180","1.200","1.210","1.170","932.76K","0.00%"
"02/10/2023","1.180","1.200","1.230","1.180","879.87K","-1.67%"
"02/09/2023","1.200","1.370","1.390","1.200","2.19M","-11.11%"
"02/08/2023","1.350","1.480","1.500","1.340","1.78M","-8.78%"
"02/07/2023","1.480","1.520","1.520","1.430","1.37M","-1.99%"
"02/06/2023","1.510","1.560","1.566","1.420","2.13M","-5.03%"
"02/03/2023","1.590","1.570","1.740","1.530","2.13M","-5.92%"
"02/02/2023","1.690","1.690","1.750","1.620","3.81M","5.63%"
"02/01/2023","1.600","1.500","1.620","1.460","2.54M","11.11%"
"01/31/2023","1.440","1.500","1.500","1.410","1.25M","0.00%"
"01/30/2023","1.440","1.430","1.570","1.410","2.82M","-1.37%"
"01/27/2023","1.460","1.380","1.460","1.380","1.88M","3.55%"
"01/26/2023","1.410","1.460","1.500","1.380","1.71M","0.71%"
"01/25/2023","1.400","1.340","1.429","1.260","2.09M","0.72%"
"01/24/2023","1.390","1.390","1.500","1.340","2.79M","-2.11%"
"01/23/2023","1.420","1.260","1.433","1.260","4.70M","12.70%"
"01/20/2023","1.260","1.240","1.330","1.210","3.14M","4.13%"
"01/19/2023","1.210","1.150","1.240","1.121","3.35M","-1.63%"
"01/18/2023","1.230","1.400","1.410","1.210","4.40M","-12.14%"
"01/17/2023","1.400","1.450","1.470","1.260","13.54M","18.64%"
"01/13/2023","1.180","1.030","1.190","1.010","5.07M","8.26%"
"01/12/2023","1.090","1.060","1.150","0.920","5.57M","10.32%"
"01/11/2023","0.988","1.000","1.050","0.930","2.20M","-2.18%"
"01/10/2023","1.010","0.910","1.050","0.880","3.78M","12.99%"
"01/09/2023","0.894","0.792","1.090","0.790","6.96M","22.12%"
"01/06/2023","0.732","0.790","0.790","0.720","498.50K","-6.15%"
"01/05/2023","0.780","0.720","0.790","0.680","920.92K","6.85%"
"01/04/2023","0.730","0.650","0.730","0.640","1.34M","12.65%"
"01/03/2023","0.648","0.620","0.650","0.620","657.59K","8.00%"
"12/30/2022","0.600","0.567","0.600","0.530","900.09K","5.24%"
"12/29/2022","0.570","0.539","0.590","0.539","968.00K","5.63%"
"12/28/2022","0.540","0.540","0.580","0.530","581.79K","-0.79%"
"12/27/2022","0.544","0.611","0.620","0.541","692.11K","-10.78%"
"12/23/2022","0.610","0.651","0.654","0.588","519.22K","-3.13%"
"12/22/2022","0.629","0.563","0.630","0.556","937.42K","8.33%"
"12/21/2022","0.581","0.590","0.620","0.561","714.16K","2.29%"
"12/20/2022","0.568","0.550","0.617","0.550","1.24M","2.20%"
"12/19/2022","0.556","0.688","0.688","0.552","1.33M","-18.26%"
"12/16/2022","0.680","0.660","0.705","0.650","1.82M","-1.45%"
"12/15/2022","0.690","0.735","0.737","0.676","723.53K","-8.00%"
"12/14/2022","0.750","0.740","0.775","0.735","639.90K","0.59%"
"12/13/2022","0.746","0.790","0.830","0.741","801.16K","1.17%"
"12/12/2022","0.737","0.750","0.757","0.730","573.02K","-1.73%"
"12/09/2022","0.750","0.769","0.780","0.730","416.84K","-0.66%"
"12/08/2022","0.755","0.731","0.770","0.731","418.66K","3.33%"
"12/07/2022","0.731","0.790","0.792","0.730","675.68K","-6.33%"
"12/06/2022","0.780","0.861","0.880","0.776","1.02M","-10.07%"
"12/05/2022","0.868","0.930","0.958","0.860","895.70K","-7.43%"
"12/02/2022","0.937","0.900","0.945","0.880","495.30K","0.81%"
"12/01/2022","0.930","0.930","0.958","0.910","412.22K","1.20%"
"11/30/2022","0.919","0.880","0.930","0.870","946.10K","6.80%"
"11/29/2022","0.860","0.890","0.900","0.860","558.15K","-0.76%"
"11/28/2022","0.867","0.900","0.930","0.860","651.78K","-4.65%"
"11/25/2022","0.909","0.921","0.940","0.890","507.71K","-1.15%"
"11/23/2022","0.920","0.937","0.945","0.880","472.76K","1.88%"
"11/22/2022","0.903","0.891","0.950","0.860","1.22M","3.11%"
"11/21/2022","0.875","0.990","1.000","0.850","2.96M","-12.46%"
"11/18/2022","1.000","1.030","1.030","1.000","917.82K","-2.91%"
"11/17/2022","1.030","1.090","1.090","1.020","656.41K","-7.21%"
"11/16/2022","1.110","1.180","1.180","1.070","723.73K","-8.26%"
"11/15/2022","1.210","1.160","1.250","1.150","1.66M","6.14%"
"11/14/2022","1.140","1.090","1.150","1.040","939.27K","3.64%"
"11/11/2022","1.100","1.000","1.135","0.990","3.15M","8.91%"
"11/10/2022","1.010","1.030","1.060","1.000","1.15M","7.22%"
"11/09/2022","0.942","1.010","1.050","0.940","1.54M","-10.29%"
"11/08/2022","1.050","1.110","1.120","1.000","1.98M","-5.41%"
"11/07/2022","1.110","1.090","1.110","1.060","315.69K","1.83%"
"11/04/2022","1.090","1.100","1.110","1.060","692.95K","2.83%"
"11/03/2022","1.060","1.030","1.070","1.023","455.49K","2.91%"
"11/02/2022","1.030","1.040","1.100","1.010","905.57K","-0.96%"
"11/01/2022","1.040","1.100","1.100","1.040","654.75K","-1.89%"
"10/31/2022","1.060","1.050","1.100","1.040","516.59K","-0.93%"
"10/28/2022","1.070","1.050","1.090","1.030","655.12K","0.00%"
"10/27/2022","1.070","1.122","1.140","1.060","770.27K","-4.46%"
"10/26/2022","1.120","1.130","1.180","1.100","1.48M","-1.75%"
"10/25/2022","1.140","1.020","1.160","1.010","2.68M","11.76%"
"10/24/2022","1.020","1.050","1.050","0.961","821.21K","-2.86%"
"10/21/2022","1.050","0.980","1.050","0.940","1.13M","6.51%"
"10/20/2022","0.986","1.010","1.040","0.980","1.35M","-1.42%"
"10/19/2022","1.000","1.030","1.040","1.000","597.16K","-3.85%"
"10/18/2022","1.040","1.080","1.090","1.010","603.04K","-1.89%"
"10/17/2022","1.060","1.050","1.080","1.040","1.02M","2.91%"
"10/14/2022","1.030","1.090","1.110","1.010","714.71K","-3.74%"
"10/13/2022","1.070","1.010","1.100","1.000","1.25M","-0.93%"
"10/12/2022","1.080","1.060","1.090","1.010","670.81K","2.86%"
"10/11/2022","1.050","1.090","1.090","1.040","765.16K","-3.67%"
"10/10/2022","1.090","1.150","1.165","1.060","1.24M","-7.63%"
"10/07/2022","1.180","1.200","1.220","1.180","525.93K","-4.07%"
"10/06/2022","1.230","1.220","1.278","1.211","506.48K","0.82%"
"10/05/2022","1.220","1.240","1.250","1.190","835.60K","-5.43%"
"10/04/2022","1.290","1.290","1.340","1.280","1.69M","4.03%"
"10/03/2022","1.240","1.200","1.250","1.190","959.56K","3.33%"
"09/30/2022","1.200","1.180","1.280","1.160","981.30K","0.84%"
"09/29/2022","1.190","1.230","1.230","1.161","752.54K","-5.56%"
"09/28/2022","1.260","1.190","1.269","1.180","944.99K","4.13%"
"09/27/2022","1.210","1.200","1.241","1.170","1.04M","3.42%"
"09/26/2022","1.170","1.200","1.260","1.120","1.25M","-2.50%"
"09/23/2022","1.200","1.200","1.230","1.180","789.53K","-3.23%"
"09/22/2022","1.240","1.270","1.270","1.230","728.98K","0.00%"
"09/21/2022","1.240","1.270","1.340","1.240","1.20M","-1.59%"
"09/20/2022","1.260","1.330","1.330","1.230","1.29M","-5.97%"
"09/19/2022","1.340","1.270","1.350","1.250","985.98K","5.51%"
"09/16/2022","1.270","1.410","1.440","1.270","3.14M","-12.41%"
"09/15/2022","1.450","1.430","1.530","1.410","1.53M","0.00%"
"09/14/2022","1.450","1.420","1.470","1.400","808.61K","1.40%"
"09/13/2022","1.430","1.500","1.510","1.410","1.27M","-8.33%"
"09/12/2022","1.560","1.625","1.650","1.530","3.06M","-1.89%"
"09/09/2022","1.590","1.560","1.590","1.505","2.30M","8.16%"
"09/08/2022","1.470","1.410","1.490","1.410","775.63K","1.38%"
"09/07/2022","1.450","1.370","1.470","1.310","1.54M","5.84%"
"09/06/2022","1.370","1.440","1.455","1.370","1.20M","-2.84%"
"09/02/2022","1.410","1.450","1.470","1.400","957.50K","-2.76%"
"09/01/2022","1.450","1.450","1.460","1.400","1.12M","-2.03%"
"08/31/2022","1.480","1.450","1.525","1.430","1.54M","1.37%"
"08/30/2022","1.460","1.500","1.500","1.400","1.64M","-1.35%"
"08/29/2022","1.480","1.440","1.510","1.440","1.08M","1.37%"
"08/26/2022","1.460","1.630","1.648","1.440","2.09M","-9.32%"
"08/25/2022","1.610","1.600","1.640","1.561","998.39K","2.55%"
"08/24/2022","1.570","1.530","1.620","1.520","1.25M","2.61%"
"08/23/2022","1.530","1.490","1.580","1.470","1.29M","2.00%"
"08/22/2022","1.500","1.510","1.570","1.500","1.09M","-3.85%"
"08/19/2022","1.560","1.610","1.640","1.540","2.05M","-10.34%"
"08/18/2022","1.740","1.750","1.790","1.650","1.98M","0.58%"
"08/17/2022","1.730","1.810","1.830","1.720","2.01M","-5.98%"
"08/16/2022","1.840","1.950","1.960","1.760","2.99M","-6.12%"
"08/15/2022","1.960","1.865","2.010","1.830","3.17M","3.70%"
"08/12/2022","1.890","1.740","1.900","1.675","2.75M","8.00%"
"08/11/2022","1.750","1.820","1.950","1.720","5.22M","3.55%"
"08/10/2022","1.690","1.560","1.740","1.530","4.09M","13.42%"
"08/09/2022","1.490","1.570","1.600","1.490","2.06M","-8.02%"
"08/08/2022","1.620","1.650","1.709","1.575","2.86M","4.52%"
"08/05/2022","1.550","1.550","1.610","1.500","2.67M","0.00%"
"08/04/2022","1.550","1.590","1.710","1.510","3.29M","-3.13%"
"08/03/2022","1.600","1.590","1.640","1.530","1.94M","2.56%"
"08/02/2022","1.560","1.410","1.610","1.410","2.44M","7.59%"
"08/01/2022","1.450","1.420","1.530","1.352","3.41M","4.32%"
"07/29/2022","1.390","1.460","1.550","1.370","8.12M","-8.55%"
"07/28/2022","1.520","1.520","1.570","1.390","4.97M","0.00%"
"07/27/2022","1.520","1.530","1.580","1.500","4.75M","3.40%"
"07/26/2022","1.470","1.640","1.640","1.460","2.71M","-13.53%"
"07/25/2022","1.700","1.800","1.805","1.700","996.44K","-7.10%"
"07/22/2022","1.830","1.960","2.005","1.780","2.34M","-7.58%"
"07/21/2022","1.980","1.880","1.980","1.770","2.81M","3.13%"
"07/20/2022","1.920","2.080","2.110","1.850","7.99M","-4.48%"
"07/19/2022","2.010","1.760","2.020","1.730","6.31M","16.18%"
"07/18/2022","1.730","1.710","1.880","1.675","5.66M","6.79%"
"07/15/2022","1.620","1.650","1.670","1.561","948.88K","0.00%"
"07/14/2022","1.620","1.590","1.660","1.515","1.26M","1.25%"
"07/13/2022","1.600","1.520","1.615","1.470","1.11M","4.58%"
"07/12/2022","1.530","1.550","1.580","1.500","643.02K","-3.16%"
"07/11/2022","1.580","1.570","1.630","1.460","1.89M","-4.82%"
"07/08/2022","1.660","1.510","1.740","1.480","3.22M","5.73%"
"07/07/2022","1.570","1.450","1.580","1.430","2.40M","12.14%"
"07/06/2022","1.400","1.490","1.490","1.375","973.26K","-6.67%"
"07/05/2022","1.500","1.330","1.520","1.285","1.27M","10.29%"
"07/01/2022","1.360","1.370","1.420","1.320","766.43K","3.82%"
"06/30/2022","1.310","1.390","1.420","1.295","2.49M","-9.03%"
"06/29/2022","1.440","1.460","1.485","1.410","988.41K","-2.70%"
"06/28/2022","1.480","1.570","1.630","1.450","1.60M","-5.73%"
"06/27/2022","1.570","1.650","1.665","1.520","1.64M","-4.85%"
"06/24/2022","1.650","1.570","1.650","1.565","2.12M","6.45%"
"06/23/2022","1.550","1.500","1.570","1.440","1.50M","7.64%"
"06/22/2022","1.440","1.440","1.550","1.430","1.47M","-4.64%"
"06/21/2022","1.510","1.450","1.690","1.430","4.81M","6.34%"
"06/17/2022","1.420","1.230","1.490","1.225","3.79M","16.39%"
"06/16/2022","1.220","1.280","1.282","1.190","1.52M","-8.27%"
"06/15/2022","1.330","1.270","1.370","1.231","2.08M","3.10%"
"06/14/2022","1.290","1.250","1.340","1.220","1.36M","4.88%"
"06/13/2022","1.230","1.250","1.340","1.200","2.52M","-13.38%"
"06/10/2022","1.420","1.530","1.530","1.410","1.80M","-7.19%"
"06/09/2022","1.530","1.660","1.660","1.510","1.32M","-7.27%"
"06/08/2022","1.650","1.610","1.709","1.601","1.62M","-1.20%"
"06/07/2022","1.670","1.540","1.680","1.530","1.42M","3.09%"
"06/06/2022","1.620","1.660","1.700","1.600","1.27M","-1.22%"
"06/03/2022","1.640","1.640","1.690","1.600","1.68M","-4.65%"
"06/02/2022","1.720","1.620","1.750","1.580","1.26M","6.83%"
"06/01/2022","1.610","1.800","1.860","1.610","2.26M","-9.55%"
"05/31/2022","1.780","1.780","1.860","1.710","5.85M","8.54%"
"05/27/2022","1.640","1.590","1.670","1.570","2.08M","5.13%"
"05/26/2022","1.560","1.480","1.610","1.458","2.10M","1.96%"
"05/25/2022","1.530","1.490","1.550","1.450","1.25M","3.38%"
"05/24/2022","1.480","1.600","1.600","1.450","1.80M","-8.64%"
"05/23/2022","1.620","1.680","1.680","1.555","1.62M","-2.41%"
"05/20/2022","1.660","1.730","1.745","1.530","2.70M","-2.35%"
"05/19/2022","1.700","1.680","1.800","1.670","2.48M","1.80%"
"05/18/2022","1.670","1.740","1.790","1.650","2.54M","-6.70%"
"05/17/2022","1.790","1.670","1.810","1.670","3.23M","11.18%"
"05/16/2022","1.610","1.700","1.710","1.580","3.12M","-6.40%"
"05/13/2022","1.720","1.710","1.770","1.610","4.55M","7.50%"
"05/12/2022","1.600","1.420","1.670","1.380","5.55M","8.11%"
"05/11/2022","1.480","1.570","1.655","1.480","4.87M","-9.76%"
"05/10/2022","1.640","1.720","1.730","1.554","3.23M","1.86%"
"05/09/2022","1.610","1.860","1.870","1.610","4.10M","-16.15%"
"05/06/2022","1.920","2.000","2.040","1.920","3.56M","-4.00%"
"05/05/2022","2.000","2.170","2.200","2.000","2.48M","-11.89%"
"05/04/2022","2.270","2.140","2.270","1.980","4.06M","6.57%"
"05/03/2022","2.130","2.100","2.170","2.060","2.82M","-0.47%"
"05/02/2022","2.140","2.010","2.180","1.980","3.10M","5.42%"
"04/29/2022","2.030","2.110","2.300","2.010","3.16M","-7.73%"
"04/28/2022","2.200","2.120","2.240","1.950","4.19M","7.32%"
"04/27/2022","2.050","2.070","2.200","2.040","3.84M","-2.38%"
"04/26/2022","2.100","2.280","2.280","2.100","3.89M","-8.70%"
"04/25/2022","2.300","2.200","2.330","2.190","3.98M","0.88%"
"04/22/2022","2.280","2.360","2.460","2.260","3.51M","-5.39%"
"04/21/2022","2.410","2.610","2.690","2.390","3.26M","-5.86%"
"04/20/2022","2.560","2.750","2.770","2.530","3.81M","-6.57%"
"04/19/2022","2.740","2.730","2.800","2.600","3.70M","1.86%"
"04/18/2022","2.690","2.760","2.770","2.590","3.74M","-2.18%"
"04/14/2022","2.750","2.995","3.000","2.740","3.71M","-7.41%"
"04/13/2022","2.970","2.820","2.980","2.800","2.63M","5.32%"
"04/12/2022","2.820","2.990","3.090","2.800","3.27M","-4.73%"
"04/11/2022","2.960","2.950","3.120","2.830","3.38M","-1.66%"
"04/08/2022","3.010","3.100","3.125","2.992","2.42M","-4.75%"
"04/07/2022","3.160","3.230","3.250","3.010","2.66M","-1.86%"
"04/06/2022","3.220","3.280","3.340","3.090","3.71M","-5.29%"
"04/05/2022","3.400","3.730","3.740","3.365","2.84M","-8.36%"
"04/04/2022","3.710","3.610","3.720","3.541","2.13M","3.34%"
"04/01/2022","3.590","3.612","3.690","3.510","1.92M","-0.28%"
"03/31/2022","3.600","3.820","3.850","3.530","2.32M","-4.26%"
"03/30/2022","3.760","3.960","4.035","3.735","2.72M","-6.93%"
"03/29/2022","4.040","4.110","4.110","3.840","3.93M","-0.98%"
"03/28/2022","4.080","4.040","4.200","3.840","5.92M","7.65%"
"03/25/2022","3.790","4.030","4.160","3.690","3.77M","-3.81%"
"03/24/2022","3.940","3.840","3.955","3.600","3.24M","5.91%"
"03/23/2022","3.720","3.760","4.000","3.660","3.29M","-0.53%"
"03/22/2022","3.740","3.800","3.970","3.680","5.12M","4.18%"
"03/21/2022","3.590","3.620","3.699","3.415","2.64M","-2.18%"
"03/18/2022","3.670","3.380","3.790","3.350","3.98M","8.58%"
"03/17/2022","3.380","3.180","3.420","3.150","2.85M","6.62%"
"03/16/2022","3.170","3.130","3.171","2.920","3.71M","10.84%"
"03/15/2022","2.860","2.798","2.920","2.740","2.70M","1.42%"
"03/14/2022","2.820","3.040","3.060","2.790","5.36M","-8.14%"
"03/11/2022","3.070","3.420","3.430","3.070","2.70M","-7.53%"
"03/10/2022","3.320","3.450","3.510","3.260","2.78M","-8.29%"
"03/09/2022","3.620","3.510","3.720","3.460","4.80M","10.03%"
"03/08/2022","3.290","3.170","3.380","3.080","2.98M","3.79%"
"03/07/2022","3.170","3.300","3.495","3.115","3.08M","-4.52%"
"03/04/2022","3.320","3.420","3.560","3.270","2.38M","-6.48%"
"03/03/2022","3.550","3.900","3.900","3.510","2.61M","-8.51%"
"03/02/2022","3.880","3.910","3.930","3.640","3.02M","-0.26%"
"03/01/2022","3.890","4.160","4.260","3.770","4.90M","-1.02%"
"02/28/2022","3.930","3.600","3.980","3.600","3.96M","6.50%"
"02/25/2022","3.690","3.760","3.790","3.520","3.13M","0.54%"
"02/24/2022","3.670","3.240","3.750","3.160","4.70M","4.86%"
"02/23/2022","3.500","3.900","3.900","3.490","2.96M","-5.15%"
"02/22/2022","3.690","3.640","3.800","3.500","3.53M","-5.14%"
"02/18/2022","3.890","4.000","4.070","3.860","2.45M","-3.71%"
"02/17/2022","4.040","4.300","4.490","4.010","3.57M","-10.62%"
"02/16/2022","4.520","4.518","4.580","4.300","4.70M","-1.53%"
"02/15/2022","4.590","4.560","4.840","4.370","4.93M","7.49%"
"02/14/2022","4.270","4.584","4.640","4.200","3.94M","-4.90%"
"02/11/2022","4.490","4.760","5.100","4.440","6.35M","-4.67%"
"02/10/2022","4.710","4.473","5.350","4.430","9.55M","0.43%"
"02/09/2022","4.690","4.400","4.730","4.367","4.10M","8.82%"
"02/08/2022","4.310","4.220","4.465","4.150","4.44M","1.41%"
"02/07/2022","4.250","4.390","4.710","4.250","12.04M","2.91%"
"02/04/2022","4.130","3.640","4.260","3.500","7.72M","17.00%"
"02/03/2022","3.530","3.640","3.740","3.520","1.43M","-6.37%"
"02/02/2022","3.770","3.970","4.000","3.630","3.00M","-4.56%"
"02/01/2022","3.950","3.900","4.120","3.800","7.21M","4.50%"
"01/31/2022","3.780","3.640","3.830","3.585","5.55M","4.42%"
"01/28/2022","3.620","3.500","3.700","3.370","3.80M","2.70%"
"01/27/2022","3.525","3.920","3.980","3.510","5.25M","-9.62%"
"01/26/2022","3.900","4.370","4.410","3.850","16.34M","-9.51%"
"01/25/2022","4.310","4.420","4.510","4.140","2.19M","-5.69%"
"01/24/2022","4.570","4.054","4.620","3.840","3.83M","-2.35%"
"01/21/2022","4.680","4.860","4.930","4.600","2.60M","-8.77%"
"01/20/2022","5.130","5.156","5.520","5.100","1.55M","2.19%"
"01/19/2022","5.020","5.496","5.560","5.010","1.55M","-8.73%"
"01/18/2022","5.500","5.562","5.708","5.320","1.42M","-5.66%"
"01/14/2022","5.830","5.610","5.895","5.610","1.12M","1.57%"
"01/13/2022","5.740","6.080","6.150","5.660","1.74M","-3.85%"
"01/12/2022","5.970","6.050","6.230","5.790","3.09M","3.29%"
"01/11/2022","5.780","5.350","6.210","5.223","3.31M","8.04%"
"01/10/2022","5.350","5.200","5.380","5.057","1.83M","1.13%"
"01/07/2022","5.290","5.500","5.670","5.240","1.80M","-5.54%"
"01/06/2022","5.600","5.570","5.670","5.260","1.98M","-0.88%"
"01/05/2022","5.650","6.020","6.170","5.530","3.77M","-7.83%"
"01/04/2022","6.130","6.207","6.370","5.930","2.13M","0.82%"
"01/03/2022","6.080","6.080","6.240","5.940","1.40M","0.00%"
"12/31/2021","6.080","6.320","6.380","6.050","2.07M","-2.88%"
"12/30/2021","6.260","6.290","6.590","6.100","3.55M","-0.79%"
"12/29/2021","6.310","6.440","6.640","6.250","2.16M","-3.81%"
"12/28/2021","6.560","6.630","6.730","6.230","3.08M","-5.34%"
"12/27/2021","6.930","7.280","7.520","6.720","4.94M","-4.15%"
"12/23/2021","7.230","6.600","7.430","6.220","4.82M","6.79%"
"12/22/2021","6.770","6.790","6.959","6.520","1.70M","-1.46%"
"12/21/2021","6.870","6.670","6.955","6.650","1.63M","5.86%"
"12/20/2021","6.490","6.440","6.550","6.260","1.84M","-2.11%"
"12/17/2021","6.630","6.714","7.170","6.500","3.88M","-4.74%"
"12/16/2021","6.960","7.420","7.650","6.800","3.15M","-4.66%"
"12/15/2021","7.300","6.900","7.350","6.460","2.93M","6.88%"
"12/14/2021","6.830","6.900","7.160","6.680","2.54M","-0.87%"
"12/13/2021","6.890","7.190","7.285","6.860","2.38M","-7.14%"
"12/10/2021","7.420","7.760","7.800","7.210","1.97M","-2.88%"
"12/09/2021","7.640","8.150","8.170","7.500","1.90M","-6.03%"
"12/08/2021","8.130","8.140","8.355","7.910","1.14M","-0.85%"
"12/07/2021","8.200","8.400","8.660","8.130","1.41M","3.80%"
"12/06/2021","7.900","7.823","8.120","7.360","2.20M","-4.13%"
"12/03/2021","8.240","9.080","9.080","8.110","2.80M","-9.85%"
"12/02/2021","9.140","9.300","9.600","8.690","2.16M","-2.97%"
"12/01/2021","9.420","10.000","10.040","9.300","2.35M","-4.27%"
"11/30/2021","9.840","9.810","10.220","9.240","2.84M","0.10%"
"11/29/2021","9.830","9.190","9.880","8.920","3.53M","11.96%"
"11/26/2021","8.780","8.975","9.307","8.681","1.81M","-7.68%"
"11/24/2021","9.510","9.320","9.680","9.260","1.39M","-0.21%"
"11/23/2021","9.530","9.645","9.750","9.100","2.34M","-0.63%"
"11/22/2021","9.590","10.000","10.280","9.430","2.54M","-3.42%"
"11/19/2021","9.930","9.770","10.150","9.730","2.20M","2.06%"
"11/18/2021","9.730","10.200","10.380","9.530","3.55M","-7.69%"
"11/17/2021","10.540","10.868","10.868","10.440","2.11M","-3.57%"
"11/16/2021","10.930","10.956","11.365","10.550","3.28M","-5.12%"
"11/15/2021","11.520","11.926","11.940","11.210","3.73M","-2.21%"
"11/12/2021","11.780","11.700","11.850","11.180","3.28M","-0.76%"
"11/11/2021","11.870","11.555","12.020","11.400","3.61M","1.28%"
"11/10/2021","11.720","12.410","12.490","11.500","6.10M","-4.79%"
"11/09/2021","12.310","12.350","12.550","11.397","7.62M","4.50%"
"11/08/2021","11.780","12.044","12.830","11.530","14.23M","5.75%"
"11/05/2021","11.140","11.700","11.720","10.860","4.00M","-3.80%"
"11/04/2021","11.580","11.900","12.420","11.510","4.08M","-2.93%"
"11/03/2021","11.930","11.645","12.220","11.280","5.19M","-0.58%"
"11/02/2021","12.000","12.095","13.220","11.870","16.57M","1.69%"
"11/01/2021","11.800","11.870","12.450","11.200","13.65M","-17.19%"
"10/29/2021","14.250","9.940","14.250","9.740","11.59M","41.79%"
"10/28/2021","10.050","9.990","10.320","9.890","4.12M","4.04%"
"10/27/2021","9.660","9.640","10.250","9.550","2.90M","-4.64%"
"10/26/2021","10.130","10.060","10.390","9.454","6.29M","0.90%"
"10/25/2021","10.040","10.225","10.460","9.980","6.99M","-1.28%"
"10/22/2021","10.170","10.870","10.870","10.000","5.56M","-7.55%"
"10/21/2021","11.000","11.654","11.820","10.650","9.20M","-6.94%"
"10/20/2021","11.820","11.604","12.600","11.100","20.35M","4.14%"
"10/19/2021","11.350","11.240","11.925","10.750","14.50M","3.56%"
"10/18/2021","10.960","11.090","11.570","10.520","11.58M","-2.32%"
"10/15/2021","11.220","11.341","11.880","10.910","18.04M","4.86%"
"10/14/2021","10.700","11.440","11.453","10.550","7.65M","-2.99%"
"10/13/2021","11.030","10.623","11.200","9.750","11.82M","3.28%"
"10/12/2021","10.680","11.865","12.000","10.350","9.98M","-9.95%"
"10/11/2021","11.860","12.005","12.870","11.740","22.90M","4.49%"
"10/08/2021","11.350","11.186","11.480","10.625","10.57M","2.90%"
"10/07/2021","11.030","10.844","11.170","10.340","15.06M","-1.69%"
"10/06/2021","11.220","11.860","12.420","10.900","90.74M","8.41%"
"10/05/2021","10.350","7.860","10.430","7.860","75.57M","36.36%"
"10/04/2021","7.590","7.910","8.030","7.390","4.46M","-5.95%"
"10/01/2021","8.070","7.750","8.300","7.310","7.88M","11.62%"
"09/30/2021","7.230","6.728","7.290","6.500","13.74M","-8.60%"
"09/29/2021","7.910","8.810","8.880","7.900","3.47M","-9.91%"
"09/28/2021","8.780","9.090","9.120","8.670","1.51M","-3.94%"
"09/27/2021","9.140","9.460","9.740","9.080","2.60M","-3.38%"
"09/24/2021","9.460","9.000","9.800","8.930","3.53M","-2.27%"
"09/23/2021","9.680","9.925","9.950","9.370","4.72M","0.94%"
"09/22/2021","9.590","8.750","9.750","8.660","5.17M","11.00%"
"09/21/2021","8.640","8.925","9.050","8.590","2.75M","-2.48%"
"09/20/2021","8.860","9.250","9.390","8.520","4.66M","-11.31%"
"09/17/2021","9.990","9.860","10.000","9.510","2.54M","1.32%"
"09/16/2021","9.860","10.020","10.190","9.670","3.52M","-3.33%"
"09/15/2021","10.200","10.156","10.740","9.920","5.96M","2.31%"
"09/14/2021","9.970","10.672","10.760","9.841","5.13M","-4.13%"
"09/13/2021","10.400","10.100","10.720","9.830","5.34M","0.87%"
"09/10/2021","10.310","11.100","11.108","10.260","4.29M","-7.95%"
"09/09/2021","11.200","11.220","11.500","10.950","5.23M","0.99%"
"09/08/2021","11.090","11.640","11.640","10.650","6.46M","-5.38%"
"09/07/2021","11.720","13.158","13.210","11.240","11.76M","-9.64%"
"09/03/2021","12.970","13.000","14.550","12.320","29.39M","1.97%"
"09/02/2021","12.720","13.397","13.980","12.630","11.66M","0.71%"
"09/01/2021","12.630","12.750","13.350","12.430","9.47M","-1.48%"
"08/31/2021","12.820","12.642","12.950","12.000","9.54M","0.08%"
"08/30/2021","12.810","12.020","13.500","11.532","14.29M","2.81%"
"08/27/2021","12.460","10.620","12.690","10.556","17.85M","18.44%"
"08/26/2021","10.520","10.620","11.360","10.331","6.46M","-4.19%"
"08/25/2021","10.980","10.480","11.820","10.440","9.64M","1.10%"
"08/24/2021","10.860","11.198","11.210","10.260","10.72M","-4.90%"
"08/23/2021","11.420","12.500","12.920","11.161","15.50M","-4.52%"
"08/20/2021","11.960","12.530","13.580","11.621","29.45M","-0.99%"
"08/19/2021","12.080","11.005","12.350","10.520","14.14M","8.05%"
"08/18/2021","11.180","12.023","12.550","11.040","9.68M","-6.99%"
"08/17/2021","12.020","12.500","13.580","11.670","8.74M","-5.65%"
"08/16/2021","12.740","13.922","14.050","12.510","8.11M","-6.12%"
"08/13/2021","13.570","15.320","16.200","13.500","12.02M","-8.25%"
"08/12/2021","14.790","13.820","15.189","12.890","11.17M","-0.20%"
"08/11/2021","14.820","16.000","16.260","14.100","15.15M","-4.33%"
"08/10/2021","15.490","16.580","17.200","13.400","25.43M","-4.97%"
"08/09/2021","16.300","19.000","20.740","15.870","62.28M","-7.12%"
"08/06/2021","17.550","15.900","19.510","15.060","77.36M","10.94%"
"08/05/2021","15.820","12.030","16.400","11.700","57.25M","21.04%"
"08/04/2021","13.070","10.390","13.580","10.310","66.80M","30.70%"
"08/03/2021","10.000","10.490","10.900","9.630","17.68M","-3.85%"
"08/02/2021","10.400","9.060","11.250","8.900","61.02M","15.56%"
"07/30/2021","9.000","7.780","9.170","7.710","38.13M","13.07%"
"07/29/2021","7.960","7.890","9.380","7.550","47.51M","-0.50%"
"07/28/2021","8.000","7.500","9.460","6.950","137.74M","35.82%"
"07/27/2021","5.890","7.576","7.750","5.780","32.16M","-33.60%"
"07/26/2021","8.870","4.882","9.410","4.882","209.77M","109.69%"
"07/23/2021","4.230","4.520","4.560","4.230","1.13M","-7.24%"
"07/22/2021","4.560","4.820","4.900","4.440","1.37M","-3.59%"
"07/21/2021","4.730","4.540","4.855","4.360","3.41M","11.03%"
"07/20/2021","4.260","4.234","4.370","3.970","2.49M","-0.93%"
"07/19/2021","4.300","4.340","4.560","4.250","2.62M","-5.91%"
"07/16/2021","4.570","5.070","5.093","4.545","2.41M","-10.74%"
"07/15/2021","5.120","5.150","5.520","4.920","1.65M","-0.19%"
"07/14/2021","5.130","5.340","5.390","5.120","1.32M","-2.84%"
"07/13/2021","5.280","5.300","5.610","5.230","1.47M","-0.75%"
"07/12/2021","5.320","5.680","5.710","5.170","1.63M","-5.51%"
"07/09/2021","5.630","5.460","5.700","5.390","1.06M","3.30%"
"07/08/2021","5.450","5.250","5.560","5.250","1.20M","-2.15%"
"07/07/2021","5.570","5.930","6.030","5.490","1.60M","-5.43%"
"07/06/2021","5.890","5.860","6.050","5.770","2.20M","0.51%"
"07/02/2021","5.860","6.375","6.375","5.860","2.11M","-6.98%"
"07/01/2021","6.300","6.820","6.860","6.220","2.43M","-7.89%"
"06/30/2021","6.840","6.900","7.100","6.630","2.29M","-1.58%"
"06/29/2021","6.950","7.250","7.450","6.830","2.61M","-2.25%"
"06/28/2021","7.110","6.660","7.310","6.610","3.94M","8.55%"
"06/25/2021","6.550","6.604","6.750","6.520","2.31M","-2.67%"
"06/24/2021","6.730","6.890","6.990","6.330","4.23M","-2.18%"
"06/23/2021","6.880","7.250","7.270","6.800","2.91M","-1.71%"
"06/22/2021","7.000","6.770","7.120","6.360","2.11M","0.72%"
"06/21/2021","6.950","7.250","7.250","6.750","2.97M","-7.33%"
"06/18/2021","7.500","7.950","7.986","7.470","3.10M","-6.25%"
"06/17/2021","8.000","8.149","8.490","7.910","1.89M","-3.15%"
"06/16/2021","8.260","8.300","8.440","7.950","2.35M","-4.07%"
"06/15/2021","8.610","8.810","9.210","8.150","3.49M","-3.15%"
"06/14/2021","8.890","8.200","10.080","8.040","9.49M","14.86%"
"06/11/2021","7.740","8.140","8.200","7.460","2.28M","-4.56%"
"06/10/2021","8.110","8.650","9.190","8.040","3.06M","-3.68%"
"06/09/2021","8.420","8.022","8.780","7.810","3.44M","7.81%"
"06/08/2021","7.810","7.960","8.035","7.432","1.83M","-3.34%"
"06/07/2021","8.080","8.170","8.220","7.680","2.48M","-1.46%"
"06/04/2021","8.200","8.420","8.460","8.120","1.34M","-2.50%"
"06/03/2021","8.410","8.948","8.970","8.350","2.01M","-5.93%"
"06/02/2021","8.940","8.930","9.000","8.500","1.88M","2.41%"
"06/01/2021","8.730","8.570","9.120","8.380","2.27M","3.31%"
"05/28/2021","8.450","9.100","9.470","8.440","2.31M","-10.39%"
"05/27/2021","9.430","10.000","10.180","8.763","5.15M","4.20%"
"05/26/2021","9.050","8.520","9.530","8.440","2.05M","9.83%"
"05/25/2021","8.240","8.250","8.700","8.050","1.99M","-2.25%"
"05/24/2021","8.430","8.550","8.689","7.850","2.87M","-1.63%"
"05/21/2021","8.570","9.498","9.639","8.410","2.48M","-8.49%"
"05/20/2021","9.365","9.550","9.980","9.083","2.67M","4.06%"
"05/19/2021","9.000","10.000","10.140","8.770","5.12M","-17.05%"
"05/18/2021","10.850","9.905","11.210","9.905","1.40M","9.05%"
"05/17/2021","9.950","10.200","10.781","9.500","1.78M","-2.26%"
"05/14/2021","10.180","9.880","10.770","9.751","2.06M","7.16%"
"05/13/2021","9.500","10.000","11.490","9.280","4.53M","-2.16%"
"05/12/2021","9.710","10.110","10.580","9.450","958.73K","-6.45%"
"05/11/2021","10.380","9.260","10.500","9.080","1.02M","-0.67%"
"05/10/2021","10.450","11.680","11.690","10.440","768.73K","-11.89%"
"05/07/2021","11.860","11.940","12.300","11.610","673.49K","1.98%"
"05/06/2021","11.630","12.010","12.050","11.290","739.56K","-2.84%"
"05/05/2021","11.970","11.960","12.360","11.670","693.99K","0.34%"
"05/04/2021","11.930","12.410","12.500","11.430","995.64K","-4.48%"
"05/03/2021","12.490","13.230","13.520","12.160","1.09M","-5.38%"
"04/30/2021","13.200","13.280","13.760","12.860","1.04M","-0.75%"
"04/29/2021","13.300","13.290","13.680","12.910","868.98K","-1.26%"
"04/28/2021","13.470","13.180","13.800","12.677","1.65M","2.75%"
"04/27/2021","13.110","13.650","13.800","13.030","906.13K","-2.53%"
"04/26/2021","13.450","13.880","13.880","13.120","1.30M","2.20%"
"04/23/2021","13.160","12.280","13.430","12.250","1.32M","2.02%"
"04/22/2021","12.900","12.910","13.860","12.660","1.60M","-0.23%"
"04/21/2021","12.930","11.600","13.090","11.580","2.51M","10.23%"
"04/20/2021","11.730","12.070","12.290","11.510","1.56M","-5.10%"
"04/19/2021","12.360","12.524","13.233","11.900","2.23M","-7.28%"
"04/16/2021","13.330","13.960","13.960","13.050","4.03M","-6.65%"
"04/15/2021","14.280","15.269","15.357","12.770","6.70M","0.21%"
"04/14/2021","14.250","16.800","19.020","13.650","25.83M","-6.74%"
"04/13/2021","15.280","16.571","16.730","15.040","2.11M","0.53%"
"04/12/2021","15.200","17.400","17.970","14.839","2.25M","-10.38%"
"04/09/2021","16.960","17.150","17.300","16.010","1.54M","0.65%"
"04/08/2021","16.850","15.410","17.000","15.380","1.81M","9.27%"
"04/07/2021","15.420","15.850","16.680","15.120","1.27M","-8.00%"
"04/06/2021","16.760","16.340","17.220","14.850","2.03M","0.06%"
"04/05/2021","16.750","14.870","16.900","14.250","2.36M","16.89%"
"04/01/2021","14.330","15.020","15.350","14.230","1.41M","-4.59%"
"03/31/2021","15.020","14.680","15.430","13.760","1.46M","2.88%"
"03/30/2021","14.600","13.430","15.650","13.040","1.99M","12.83%"
"03/29/2021","12.940","14.300","14.670","12.700","974.23K","-4.57%"
"03/26/2021","13.560","14.400","14.450","12.750","725.25K","-2.52%"
"03/25/2021","13.910","12.010","13.990","12.010","826.07K","3.11%"
"03/24/2021","13.490","15.330","15.500","13.377","950.60K","-8.73%"
"03/23/2021","14.780","15.940","15.940","14.570","813.72K","-6.69%"
"03/22/2021","15.840","16.940","17.030","15.600","1.03M","-6.49%"
"03/19/2021","16.940","16.620","17.200","16.100","1.08M","3.67%"
"03/18/2021","16.340","17.570","18.280","16.240","1.57M","-8.36%"
"03/17/2021","17.830","15.960","17.970","15.810","1.49M","7.28%"
"03/16/2021","16.620","18.180","18.200","16.355","1.55M","-12.25%"
"03/15/2021","18.940","18.380","19.490","17.920","1.61M","5.28%"
"03/12/2021","17.990","16.770","18.860","16.653","2.25M","-1.69%"
"03/11/2021","18.300","18.150","18.380","16.880","2.49M","3.80%"
"03/10/2021","17.630","18.360","18.860","16.430","3.25M","10.88%"
"03/09/2021","15.900","13.500","16.360","12.800","3.69M","30.54%"
"03/08/2021","12.180","13.666","13.680","12.000","1.07M","-8.14%"
"03/05/2021","13.260","14.300","14.300","11.130","1.35M","-1.41%"
"03/04/2021","13.450","15.000","15.460","12.680","1.62M","-13.23%"
"03/03/2021","15.500","16.420","16.719","15.250","2.27M","-0.90%"
"03/02/2021","15.640","17.070","17.070","15.240","1.99M","-5.50%"
"03/01/2021","16.550","16.000","16.990","15.210","2.11M","12.13%"
"02/26/2021","14.760","14.690","15.611","14.110","1.23M","-4.09%"
"02/25/2021","15.390","16.880","17.590","15.040","1.70M","-7.34%"
"02/24/2021","16.610","16.990","17.590","15.791","2.19M","8.28%"
"02/23/2021","15.340","15.790","16.420","13.510","2.87M","-18.01%"
"02/22/2021","18.710","18.869","20.560","18.300","2.60M","-11.16%"
"02/19/2021","21.060","23.100","25.100","20.730","4.67M","-2.95%"
"02/18/2021","21.700","24.000","25.740","21.700","3.05M","-18.60%"
"02/17/2021","26.660","29.640","30.680","25.250","6.06M","-5.66%"
"02/16/2021","28.260","25.500","28.570","25.280","6.25M","16.30%"
"02/12/2021","24.300","23.770","26.780","23.270","4.09M","-0.61%"
"02/11/2021","24.450","24.930","27.000","22.800","5.79M","10.88%"
"02/10/2021","22.050","24.590","24.645","20.600","4.60M","-10.18%"
"02/09/2021","24.550","26.425","29.850","23.560","12.77M","-4.10%"
"02/08/2021","25.600","20.701","26.165","19.020","13.22M","46.20%"
"02/05/2021","17.510","19.122","19.920","17.280","2.88M","-7.79%"
"02/04/2021","18.990","19.100","19.300","18.050","2.65M","2.37%"
"02/03/2021","18.550","18.890","20.680","18.510","4.38M","0.05%"
"02/02/2021","18.540","18.320","19.390","17.580","3.84M","1.76%"
"02/01/2021","18.220","19.130","19.150","17.560","2.92M","-6.18%"
"01/29/2021","19.420","23.010","23.900","18.100","9.82M","-0.61%"
"01/28/2021","19.540","16.980","20.430","16.250","8.42M","21.29%"
"01/27/2021","16.110","16.290","17.090","15.830","2.00M","-8.78%"
"01/26/2021","17.660","16.515","18.500","15.800","3.61M","7.88%"
"01/25/2021","16.370","17.986","18.190","15.720","3.49M","-6.30%"
"01/22/2021","17.470","16.735","17.990","16.550","4.16M","6.78%"
"01/21/2021","16.360","15.950","17.400","15.200","5.24M","-2.15%"
"01/20/2021","16.720","15.760","18.200","15.540","5.68M","1.58%"
"01/19/2021","16.460","17.240","17.320","14.700","4.70M","-1.20%"
"01/15/2021","16.660","17.580","17.690","16.520","3.66M","-8.06%"
"01/14/2021","18.120","20.190","20.990","17.820","9.69M","-0.22%"
"01/13/2021","18.160","18.830","21.100","17.820","6.73M","-7.58%"
"01/12/2021","19.650","17.050","22.500","15.500","25.76M","4.74%"
"01/11/2021","18.760","20.620","23.255","18.200","13.94M","-25.05%"
"01/08/2021","25.030","26.305","28.740","24.200","8.25M","0.97%"
"01/07/2021","24.790","27.980","29.390","22.250","10.81M","-3.65%"
"01/06/2021","25.730","28.660","28.800","24.050","12.27M","-8.11%"
"01/05/2021","28.000","24.970","30.900","23.730","27.69M","-4.34%"
"01/04/2021","29.270","25.700","33.000","25.500","38.67M","33.59%"
"12/31/2020","21.910","14.570","24.310","13.760","79.22M","44.62%"
"12/30/2020","15.150","12.275","16.190","12.110","46.69M","43.47%"
"12/29/2020","10.560","9.840","10.870","8.439","8.42M","0.67%"
"12/28/2020","10.490","6.680","12.450","6.410","60.47M","81.17%"
"12/24/2020","5.790","6.030","6.345","5.650","858.63K","-2.69%"
"12/23/2020","5.950","6.580","6.900","5.930","2.19M","-8.32%"
"12/22/2020","6.490","6.800","6.850","5.840","4.15M","3.84%"
"12/21/2020","6.250","5.720","6.640","5.530","3.18M","12.41%"
"12/18/2020","5.560","5.310","5.830","5.100","1.14M","0.91%"
"12/17/2020","5.510","6.000","6.050","5.310","5.04M","9.11%"
"12/16/2020","5.050","6.880","7.050","4.790","11.54M","-18.02%"
"12/15/2020","6.160","6.110","6.490","6.050","2.14M","2.33%"
"12/14/2020","6.020","6.310","6.480","5.930","1.08M","1.01%"
"12/11/2020","5.960","5.780","6.000","5.780","323.55K","0.68%"
"12/10/2020","5.920","5.490","6.160","5.450","385.24K","4.04%"
"12/09/2020","5.690","5.800","5.990","5.630","452.96K","-2.74%"
"12/08/2020","5.850","6.270","6.270","5.750","701.29K","-7.44%"
"12/07/2020","6.320","6.530","6.690","6.300","390.43K","-0.47%"
"12/04/2020","6.350","7.250","7.330","6.300","1.20M","-14.77%"
"12/03/2020","7.450","7.930","7.930","7.020","1.03M","-4.12%"
"12/02/2020","7.770","7.840","7.950","7.350","445.69K","-2.63%"
"12/01/2020","7.980","7.770","9.050","7.340","2.11M","-1.12%"
"11/30/2020","8.070","7.310","8.120","6.713","2.04M","27.69%"
"11/27/2020","6.320","6.190","6.660","5.890","1.58M","-13.07%"
"11/25/2020","7.270","6.380","8.140","5.780","1.49M","15.21%"
"11/24/2020","6.310","6.650","6.720","6.000","602.32K","2.27%"
"11/23/2020","6.170","6.500","6.860","6.160","991.45K","1.15%"
"11/20/2020","6.100","6.280","6.890","5.910","872.38K","-1.61%"
"11/19/2020","6.200","5.640","6.230","5.210","519.79K","9.93%"
"11/18/2020","5.640","6.000","6.500","5.500","1.03M","-5.53%"
"11/17/2020","5.970","6.150","7.050","5.580","3.63M","10.35%"
"11/16/2020","5.410","4.620","5.470","4.460","860.22K","24.65%"
"11/13/2020","4.340","4.120","4.360","4.100","114.78K","4.33%"
"11/12/2020","4.160","3.800","4.420","3.800","546.92K","9.19%"
"11/11/2020","3.810","4.000","4.150","3.720","395.30K","-1.80%"
"11/10/2020","3.880","3.640","3.990","3.610","119.76K","8.99%"
"11/09/2020","3.560","3.870","3.960","3.400","286.71K","-10.10%"
"11/06/2020","3.960","4.390","4.391","3.870","145.45K","-7.91%"
"11/05/2020","4.300","4.350","4.650","4.135","569.19K","2.14%"
"11/04/2020","4.210","4.080","4.340","3.850","339.78K","7.95%"
"11/03/2020","3.900","3.800","3.980","3.800","13.38K","2.63%"
"11/02/2020","3.800","3.750","3.820","3.610","16.92K","1.33%"
"10/30/2020","3.750","3.860","3.900","3.625","17.12K","-1.06%"
"10/29/2020","3.790","3.650","3.870","3.650","13.45K","5.28%"
"10/28/2020","3.600","3.850","3.918","3.560","58.50K","-8.16%"
"10/27/2020","3.920","4.160","4.190","3.770","48.84K","-2.49%"
"10/26/2020","4.020","3.830","4.080","3.628","83.31K","1.52%"
"10/23/2020","3.960","3.990","4.330","3.585","114.37K","-1.00%"
"10/22/2020","4.000","4.050","4.690","3.980","161.58K","1.14%"
"10/21/2020","3.955","3.985","4.140","3.850","55.70K","3.53%"
"10/20/2020","3.820","4.080","4.080","3.820","13.64K","-6.83%"
"10/19/2020","4.100","3.600","4.200","3.600","37.42K","6.49%"
"10/16/2020","3.850","3.980","3.983","3.850","5.56K","-2.78%"
"10/15/2020","3.960","4.080","4.080","3.960","6.24K","-1.00%"
"10/14/2020","4.000","3.940","4.040","3.940","3.44K","0.00%"
"10/13/2020","4.000","4.000","4.170","3.958","7.58K","0.76%"
"10/12/2020","3.970","4.005","4.150","3.950","45.14K","-1.98%"
"10/09/2020","4.050","3.920","4.093","3.920","60.43K","3.32%"
"10/08/2020","3.920","4.025","4.200","3.900","144.09K","-2.00%"
"10/07/2020","4.000","4.050","4.240","3.955","69.59K","0.25%"
"10/06/2020","3.990","3.580","4.140","3.570","38.80K","3.91%"
"10/05/2020","3.840","3.970","4.270","3.750","54.23K","-4.95%"
"10/02/2020","4.040","3.840","4.300","3.840","15.44K","0.50%"
"10/01/2020","4.020","4.110","4.150","3.990","17.28K","-2.19%"
"09/30/2020","4.110","4.460","4.460","4.000","26.77K","0.98%"
"09/29/2020","4.070","4.110","4.140","4.010","20.17K","-0.97%"
"09/28/2020","4.110","4.140","4.260","4.040","27.31K","-1.91%"
"09/25/2020","4.190","3.940","4.240","3.940","40.16K","6.89%"
"09/24/2020","3.920","3.750","3.920","3.675","27.41K","1.82%"
"09/23/2020","3.850","3.880","4.033","3.500","57.60K","-3.02%"
"09/22/2020","3.970","4.278","4.280","3.860","45.19K","-6.81%"
"09/21/2020","4.260","4.340","4.450","4.200","17.95K","-4.27%"
"09/18/2020","4.450","4.340","4.510","4.146","82.37K","4.95%"
"09/17/2020","4.240","4.160","4.380","4.160","44.33K","2.66%"
"09/16/2020","4.130","4.310","4.590","4.040","132.57K","-6.77%"
"09/15/2020","4.430","4.600","4.600","4.400","64.03K","-3.49%"
"09/14/2020","4.590","4.460","4.730","4.410","39.62K","0.22%"
"09/11/2020","4.580","4.120","4.580","4.120","29.84K","3.85%"
"09/10/2020","4.410","4.500","4.640","4.275","24.20K","-4.34%"
"09/09/2020","4.610","4.500","4.640","4.310","59.86K","6.96%"
"09/08/2020","4.310","4.500","4.650","4.310","40.73K","-6.41%"
"09/04/2020","4.605","4.420","4.690","4.410","31.37K","2.11%"
"09/03/2020","4.510","4.590","4.600","4.050","48.93K","-3.63%"
"09/02/2020","4.680","4.700","4.880","4.550","71.36K","-4.88%"
"09/01/2020","4.920","4.820","5.080","4.820","137.24K","-1.01%"
"08/31/2020","4.970","5.000","5.100","4.900","93.67K","1.64%"
"08/28/2020","4.890","4.670","4.910","4.670","68.14K","3.01%"
"08/27/2020","4.747","4.780","4.925","4.680","90.52K","3.20%"
"08/26/2020","4.600","4.640","4.870","4.535","46.19K","0.88%"
"08/25/2020","4.560","4.450","4.720","4.220","107.52K","1.33%"
"08/24/2020","4.500","4.210","4.720","4.200","116.64K","7.91%"
"08/21/2020","4.170","3.970","4.170","3.970","17.80K","3.99%"
"08/20/2020","4.010","4.140","4.140","3.880","66.68K","4.97%"
"08/19/2020","3.820","3.680","3.960","3.680","28.79K","2.14%"
"08/18/2020","3.740","3.920","4.160","3.505","130.82K","-7.65%"
"08/17/2020","4.050","4.070","4.240","3.950","66.15K","-1.22%"
"08/14/2020","4.100","4.010","4.370","4.000","59.96K","0.00%"
"08/13/2020","4.100","4.360","4.610","3.890","183.45K","-5.96%"
"08/12/2020","4.360","4.360","4.670","4.350","84.45K","0.00%"
"08/11/2020","4.360","4.500","4.840","4.100","184.29K","-7.23%"
"08/10/2020","4.700","4.940","5.040","4.400","279.60K","-5.62%"
"08/07/2020","4.980","5.010","5.500","4.510","215.95K","1.63%"
"08/06/2020","4.900","4.360","5.450","3.800","593.66K","14.22%"
"08/05/2020","4.290","3.360","4.470","3.320","444.25K","26.55%"
"08/04/2020","3.390","3.130","3.550","3.130","144.30K","9.00%"
"08/03/2020","3.110","3.130","3.670","3.100","337.83K","0.65%"
"07/31/2020","3.090","2.960","3.150","2.960","75.91K","4.75%"
"07/30/2020","2.950","2.940","3.200","2.826","171.53K","-5.75%"
"07/29/2020","3.130","2.710","3.290","2.470","625.36K","10.60%"
"07/28/2020","2.830","1.920","3.240","1.920","1.77M","47.40%"
"07/27/2020","1.920","1.980","2.010","1.910","133.44K","0.52%"
"07/24/2020","1.910","1.880","2.000","1.880","83.07K","0.00%"
"07/23/2020","1.910","1.870","2.100","1.870","130.27K","1.06%"
"07/22/2020","1.890","1.980","1.980","1.860","33.87K","-5.50%"
"07/21/2020","2.000","1.910","2.030","1.880","57.65K","6.95%"
"07/20/2020","1.870","1.930","2.005","1.850","82.97K","-3.61%"
"07/17/2020","1.940","1.950","2.050","1.910","28.47K","-0.51%"
"07/16/2020","1.950","1.970","1.990","1.810","83.78K","-2.01%"
"07/15/2020","1.990","1.990","2.260","1.760","808.51K","13.07%"
"07/14/2020","1.760","1.750","1.790","1.700","118.60K","1.15%"
"07/13/2020","1.740","1.800","2.000","1.624","385.75K","-4.40%"
"07/10/2020","1.820","1.970","2.246","1.780","1.17M","-24.32%"
"07/09/2020","2.405","1.500","2.480","1.500","1.88M","60.33%"
"07/08/2020","1.500","1.290","1.530","1.290","283.36K","16.28%"
"07/07/2020","1.290","1.310","1.360","1.270","208.16K","-1.53%"
"07/06/2020","1.310","1.330","1.350","1.210","91.21K","-1.50%"
"07/02/2020","1.330","1.300","1.350","1.260","71.55K","2.31%"
"07/01/2020","1.300","1.300","1.360","1.270","80.75K","0.78%"
"06/30/2020","1.290","1.270","1.480","1.260","216.93K","0.78%"
"06/29/2020","1.280","1.260","1.530","1.210","123.59K","4.07%"
"06/26/2020","1.230","1.250","1.260","1.180","66.24K","-2.38%"
"06/25/2020","1.260","1.270","1.390","1.170","80.30K","2.44%"
"06/24/2020","1.230","1.360","1.370","1.210","158.08K","-10.87%"
"06/23/2020","1.380","1.540","1.600","1.320","534.20K","-11.54%"
"06/22/2020","1.560","1.640","1.640","1.500","141.75K","-3.11%"
"06/19/2020","1.610","1.650","1.850","1.570","858.86K","1.26%"
"06/18/2020","1.590","1.620","1.700","1.580","113.03K","1.27%"
"06/17/2020","1.570","1.650","1.850","1.520","600.29K","-4.85%"
"06/16/2020","1.650","1.740","1.750","1.620","108.69K","-2.94%"
"06/15/2020","1.700","1.630","1.760","1.620","76.70K","3.66%"
"06/12/2020","1.640","1.940","1.950","1.620","141.16K","-0.61%"
"06/11/2020","1.650","1.520","1.880","1.510","353.50K","-1.10%"
"06/10/2020","1.668","1.930","2.240","1.620","746.65K","-9.33%"
"06/09/2020","1.840","1.600","1.990","1.480","285.81K","14.29%"
"06/08/2020","1.610","1.660","1.800","1.420","182.42K","0.00%"
"06/05/2020","1.610","1.440","2.100","1.440","759.89K","15.83%"
"06/04/2020","1.390","1.120","1.440","1.120","284.34K","21.93%"
"06/03/2020","1.140","1.090","1.150","1.060","115.25K","4.59%"
"06/02/2020","1.090","1.080","1.150","1.030","154.28K","10.16%"
"06/01/2020","0.989","1.000","1.020","0.950","97.35K","3.61%"
"05/29/2020","0.955","1.040","1.100","0.950","213.95K","-4.38%"
"05/28/2020","0.999","1.010","1.330","0.990","1.12M","0.91%"
"05/27/2020","0.990","0.931","1.053","0.910","312.72K","11.18%"
"05/26/2020","0.890","0.840","1.150","0.800","1.22M","11.08%"
"05/22/2020","0.801","0.790","0.838","0.771","73.21K","1.44%"
"05/21/2020","0.790","0.840","0.840","0.770","197.90K","-9.21%"
"05/20/2020","0.870","0.730","1.220","0.730","1.56M","1.29%"
"05/19/2020","0.859","1.040","1.050","0.820","787.48K","-16.60%"
"05/18/2020","1.030","1.090","1.110","1.030","241.08K","-7.67%"
"05/15/2020","1.116","1.140","1.200","1.020","1.01M","-1.27%"
"05/14/2020","1.130","1.220","1.260","1.078","665.51K","-5.83%"
"05/13/2020","1.200","1.350","1.380","1.165","399.31K","-15.49%"
"05/12/2020","1.420","1.490","1.520","1.350","127.72K","-5.33%"
"05/11/2020","1.500","1.550","1.550","1.390","267.41K","-1.32%"
"05/08/2020","1.520","1.490","1.640","1.350","1.01M","5.56%"
"05/07/2020","1.440","1.400","1.500","1.320","159.42K","5.11%"
"05/06/2020","1.370","1.440","1.470","1.310","124.96K","-4.86%"
"05/05/2020","1.440","1.490","1.560","1.430","124.26K","-1.38%"
"05/04/2020","1.460","1.460","1.550","1.410","134.95K","0.00%"
"05/01/2020","1.460","1.480","1.590","1.340","119.09K","-1.35%"
"04/30/2020","1.480","1.500","1.620","1.450","141.86K","-6.33%"
"04/29/2020","1.580","1.580","1.651","1.410","337.76K","0.00%"
"04/28/2020","1.580","1.740","1.850","1.553","264.06K","-6.51%"
"04/27/2020","1.690","1.390","1.940","1.300","1.40M","10.46%"
"04/24/2020","1.530","2.210","2.450","1.400","2.63M","-32.89%"
"04/23/2020","2.280","2.360","2.460","2.020","629.83K","-5.00%"
"04/22/2020","2.400","2.700","2.700","2.240","560.38K","9.09%"
"04/21/2020","2.200","2.380","2.980","2.120","728.99K","-10.20%"
"04/20/2020","2.450","2.200","2.680","1.960","1.41M","-3.92%"
"04/17/2020","2.550","2.830","3.460","2.220","11.76M","30.77%"
"04/16/2020","1.950","1.590","1.980","1.410","771.07K","26.62%"
"04/15/2020","1.540","1.120","1.840","0.998","638.89K","41.28%"
"04/14/2020","1.090","0.878","1.100","0.830","151.94K","32.89%"
"04/13/2020","0.820","0.846","0.903","0.820","24.10K","-6.85%"
"04/09/2020","0.881","0.937","0.990","0.815","161.74K","0.06%"
"04/08/2020","0.880","0.980","1.100","0.780","297.00K","-6.38%"
"04/07/2020","0.940","0.690","1.000","0.690","472.85K","36.23%"
"04/06/2020","0.690","0.550","0.747","0.500","263.99K","30.26%"
"04/03/2020","0.530","0.488","0.540","0.470","59.41K","1.96%"
"04/02/2020","0.520","0.472","0.540","0.415","67.17K","8.68%"
"04/01/2020","0.478","0.540","0.540","0.400","104.61K","-13.09%"
"03/31/2020","0.550","0.420","0.580","0.420","217.80K","30.95%"
"03/30/2020","0.420","0.580","0.580","0.405","53.03K","-8.71%"
"03/27/2020","0.460","0.360","0.477","0.360","186.86K","4.53%"
"03/26/2020","0.440","0.340","0.560","0.340","253.71K","33.36%"
"03/25/2020","0.330","0.380","0.380","0.280","389.91K","-17.42%"
"11/04/2019","0.400","0.410","0.415","0.390","64.87K","-3.03%"
"11/01/2019","0.412","0.430","0.435","0.410","111.31K","-6.98%"
"10/31/2019","0.443","0.455","0.466","0.430","28.51K","2.26%"
"10/30/2019","0.433","0.462","0.480","0.431","77.91K","-3.95%"
"10/29/2019","0.451","0.460","0.480","0.430","81.30K","-4.04%"
"10/28/2019","0.470","0.465","0.486","0.460","25.23K","-2.23%"
"10/25/2019","0.481","0.470","0.580","0.450","193.56K","-0.68%"
"10/24/2019","0.484","0.460","0.490","0.441","25.75K","1.70%"
"10/23/2019","0.476","0.470","0.490","0.433","70.54K","4.14%"
"10/22/2019","0.457","0.470","0.470","0.457","25.04K","-2.98%"
"10/21/2019","0.471","0.450","0.483","0.450","43.60K","1.74%"
"10/18/2019","0.463","0.458","0.517","0.430","89.85K","2.89%"
"10/17/2019","0.450","0.470","0.495","0.430","151.84K","-6.05%"
"10/16/2019","0.479","0.580","0.620","0.431","559.70K","-31.57%"
"10/15/2019","0.700","0.465","0.840","0.430","1.66M","52.96%"
"10/14/2019","0.458","0.430","0.490","0.430","51.01K","3.77%"
"10/11/2019","0.441","0.421","0.476","0.421","37.34K","4.94%"
"10/10/2019","0.420","0.440","0.443","0.420","79.59K","-4.49%"
"10/09/2019","0.440","0.473","0.473","0.422","29.22K","-6.38%"
"10/08/2019","0.470","0.454","0.470","0.432","63.19K","3.59%"
"10/07/2019","0.454","0.465","0.480","0.440","29.16K","-3.24%"
"10/04/2019","0.469","0.480","0.483","0.430","34.66K","3.97%"
"10/03/2019","0.451","0.460","0.500","0.430","80.52K","-4.04%"
"10/02/2019","0.470","0.500","0.500","0.450","46.90K","-6.91%"
"10/01/2019","0.505","0.500","0.518","0.470","101.62K","2.21%"
"09/30/2019","0.494","0.450","0.505","0.420","185.60K","2.43%"
"09/27/2019","0.482","0.540","0.540","0.461","89.21K","-4.19%"
"09/26/2019","0.503","0.483","0.550","0.480","355.74K","5.98%"
"09/25/2019","0.475","0.490","0.539","0.470","58.27K","-9.32%"
"09/24/2019","0.524","0.520","0.539","0.460","109.92K","-3.00%"
"09/23/2019","0.540","0.567","0.580","0.510","26.27K","0.00%"
"09/20/2019","0.540","0.505","0.566","0.505","44.44K","3.79%"
"09/19/2019","0.520","0.560","0.567","0.513","57.10K","-6.81%"
"09/18/2019","0.558","0.600","0.600","0.540","74.83K","-6.84%"
"09/17/2019","0.599","0.560","0.638","0.512","313.18K","10.11%"
"09/16/2019","0.544","0.530","0.553","0.505","66.40K","0.74%"
"09/13/2019","0.540","0.569","0.569","0.530","53.12K","-1.82%"
"09/12/2019","0.550","0.550","0.580","0.533","145.95K","4.32%"
"09/11/2019","0.527","0.525","0.640","0.500","421.12K","5.42%"
"09/10/2019","0.500","0.463","0.550","0.400","154.82K","2.06%"
"09/09/2019","0.490","0.432","0.499","0.432","89.56K","7.64%"
"09/06/2019","0.455","0.516","0.520","0.455","80.93K","-11.83%"
"09/05/2019","0.516","0.520","0.537","0.510","39.51K","-0.69%"
"09/04/2019","0.520","0.526","0.550","0.506","61.49K","0.97%"
"09/03/2019","0.515","0.550","0.590","0.500","119.11K","-9.90%"
"08/30/2019","0.572","0.550","0.590","0.531","96.34K","9.13%"
"08/29/2019","0.524","0.513","0.600","0.501","198.17K","-4.76%"
"08/28/2019","0.550","0.569","0.569","0.525","55.01K","-3.22%"
"08/27/2019","0.568","0.600","0.600","0.525","39.31K","-0.99%"
"08/26/2019","0.574","0.578","0.599","0.520","228.97K","1.59%"
"08/23/2019","0.565","0.630","0.650","0.553","171.78K","-11.69%"
"08/22/2019","0.640","0.658","0.768","0.561","520.41K","0.49%"
"08/21/2019","0.637","0.585","0.690","0.570","344.68K","7.06%"
"08/20/2019","0.595","0.630","0.650","0.581","46.68K","-9.11%"
"08/19/2019","0.654","0.598","0.690","0.530","208.85K","12.81%"
"08/16/2019","0.580","0.530","0.588","0.530","213.52K","9.42%"
"08/15/2019","0.530","0.670","0.670","0.530","244.09K","-19.58%"
"08/14/2019","0.659","0.703","0.820","0.615","549.78K","-35.34%"
"08/13/2019","1.019","0.580","1.060","0.562","1.75M","81.23%"
"08/12/2019","0.562","0.548","0.780","0.548","589.32K","-10.74%"
"08/09/2019","0.630","0.600","0.639","0.560","48.36K","5.00%"
"08/08/2019","0.600","0.608","0.660","0.580","82.25K","0.50%"
"08/07/2019","0.597","0.683","0.727","0.550","169.32K","-10.53%"
"08/06/2019","0.667","0.789","0.860","0.640","141.57K","-15.53%"
"08/05/2019","0.790","1.030","1.030","0.775","179.63K","-28.18%"
"08/02/2019","1.100","1.095","1.110","0.980","85.72K","0.00%"
"08/01/2019","1.100","1.450","1.450","1.040","213.57K","-14.06%"
"07/31/2019","1.280","1.220","1.380","1.020","320.06K","2.40%"
"07/30/2019","1.250","1.110","1.290","1.100","133.87K","10.62%"
"07/29/2019","1.130","1.390","1.480","1.050","128.76K","-19.86%"
"07/26/2019","1.410","1.500","1.550","1.410","31.35K","-9.62%"
"07/25/2019","1.560","1.760","1.760","1.530","29.00K","-11.11%"
"07/24/2019","1.755","2.070","2.300","1.740","175.75K","-16.82%"
"07/23/2019","2.110","2.200","2.320","2.050","149.86K","-4.95%"
"07/22/2019","2.220","2.900","2.900","1.950","234.70K","-17.47%"
"07/19/2019","2.690","2.650","2.720","2.500","246.77K","4.26%"
"07/18/2019","2.580","2.780","2.990","2.480","236.16K","-7.19%"
"07/17/2019","2.780","2.550","2.790","2.520","150.63K","8.17%"
"07/16/2019","2.570","2.830","2.860","2.560","142.85K","-9.82%"
"07/15/2019","2.850","3.040","3.110","2.810","145.59K","-7.47%"
"07/12/2019","3.080","3.060","3.170","2.940","241.99K","0.00%"
"07/11/2019","3.080","3.150","3.220","3.000","191.34K","-2.22%"
"07/10/2019","3.150","3.170","3.260","2.900","254.06K","-1.25%"
"07/09/2019","3.190","3.100","3.340","3.100","200.10K","1.92%"
"07/08/2019","3.130","3.190","3.380","3.060","338.90K","-3.10%"
"07/05/2019","3.230","3.210","3.420","3.010","357.27K","0.00%"
"07/03/2019","3.230","3.180","3.390","3.050","276.55K","0.31%"
"07/02/2019","3.220","3.220","3.460","3.120","325.18K","-1.23%"
"07/01/2019","3.260","3.420","3.800","3.035","286.67K","-5.78%"
"06/28/2019","3.460","3.470","3.490","3.200","302.76K","6.46%"
"06/27/2019","3.250","3.300","3.400","3.050","230.25K","-1.22%"
"06/26/2019","3.290","3.300","3.570","3.040","233.66K","2.17%"
"06/25/2019","3.220","3.680","3.740","3.220","285.99K","-12.74%"
"06/24/2019","3.690","3.800","3.900","3.530","319.57K","-3.91%"
"06/21/2019","3.840","4.100","4.446","3.655","365.24K","-5.88%"
"06/20/2019","4.080","3.740","4.150","3.650","302.27K","10.27%"
"06/19/2019","3.700","3.700","3.900","3.610","312.84K","-4.39%"
"06/18/2019","3.870","3.790","3.920","3.520","321.99K","3.20%"
"06/17/2019","3.750","3.870","3.900","3.680","312.14K","-3.60%"
"06/14/2019","3.890","3.860","4.050","3.680","316.79K","-2.26%"
"06/13/2019","3.980","3.920","4.010","3.650","289.04K","1.27%"
"06/12/2019","3.930","3.980","4.080","3.588","254.28K","0.77%"
"06/11/2019","3.900","4.000","4.190","3.570","241.78K","-2.74%"
"06/10/2019","4.010","3.770","4.010","3.500","233.44K","8.38%"
"06/07/2019","3.700","3.400","3.810","3.400","215.34K","8.50%"
"06/06/2019","3.410","3.390","3.460","3.200","175.73K","0.29%"
"06/05/2019","3.400","3.320","3.400","3.110","102.64K","3.03%"
"06/04/2019","3.300","3.300","3.380","3.100","105.07K","0.00%"
"06/03/2019","3.300","3.530","3.600","3.100","96.35K","-6.52%"
"05/31/2019","3.530","3.320","3.570","3.300","106.30K","-1.12%"
"05/30/2019","3.570","3.600","3.730","3.300","79.62K","-0.83%"
"05/29/2019","3.600","3.750","3.800","3.280","88.96K","-2.70%"
"05/28/2019","3.700","3.700","3.701","3.360","65.55K","5.11%"
"05/24/2019","3.520","3.792","4.230","3.510","72.34K","-8.33%"
"05/23/2019","3.840","3.600","4.000","3.600","89.29K","8.47%"
"05/22/2019","3.540","3.890","4.171","3.540","71.72K","-11.50%"
"05/21/2019","4.000","4.180","4.390","3.600","41.21K","-8.46%"
"05/20/2019","4.370","4.600","4.600","4.050","30.06K","-7.02%"
"05/17/2019","4.700","4.040","4.960","4.040","37.27K","26.00%"
"05/16/2019","3.730","4.500","4.500","3.700","55.95K","-18.74%"
"05/15/2019","4.590","5.040","5.040","4.410","17.70K","-10.52%"
"05/14/2019","5.130","4.660","5.400","4.450","14.22K","2.80%"
"05/13/2019","4.990","5.000","5.180","4.660","1.51K","-4.59%"
"05/10/2019","5.230","5.600","5.880","5.010","11.34K","-6.61%"
"05/09/2019","5.600","6.290","6.560","5.500","24.90K","-14.50%"
"05/08/2019","6.550","6.350","6.650","6.090","7.04K","8.44%"
"05/07/2019","6.040","6.710","6.710","5.520","7.18K","-5.48%"
"05/06/2019","6.390","5.816","7.120","5.816","2.10K","1.43%"
"05/03/2019","6.300","7.130","7.130","5.520","7.56K","-10.89%"
"05/02/2019","7.070","6.240","7.120","6.220","0.97K","-0.84%"
"05/01/2019","7.130","7.120","7.520","6.184","5.26K","6.10%"
"04/30/2019","6.720","6.400","6.760","6.030","4.44K","6.67%"
"04/29/2019","6.300","6.440","6.440","5.035","8.11K","5.35%"
"04/26/2019","5.980","7.360","7.360","5.300","15.86K","-24.30%"
"04/25/2019","7.900","7.210","7.900","7.170","1.01K","3.13%"
"04/24/2019","7.660","7.740","8.210","7.160","2.99K","-6.70%"
"04/23/2019","8.210","8.210","8.210","7.390","1.41K","4.19%"
"04/22/2019","7.880","8.120","8.200","7.300","6.52K","-13.69%"
"04/18/2019","9.130","8.780","9.288","6.870","15.09K","8.69%"
"04/17/2019","8.400","8.130","9.150","7.530","11.46K","1.20%"
"04/16/2019","8.300","8.650","9.150","8.010","6.19K","-3.49%"
"04/15/2019","8.600","8.620","9.330","8.000","8.17K","0.00%"
"04/12/2019","8.600","9.040","9.510","7.920","2.13K","-9.38%"
"04/11/2019","9.490","8.990","9.510","8.360","5.66K","5.21%"
"04/10/2019","9.020","9.210","9.210","7.722","7.84K","-0.44%"
"04/09/2019","9.060","7.400","9.210","7.400","7.01K","0.44%"
"04/08/2019","9.020","7.940","9.020","7.490","17.36K","14.18%"
"04/05/2019","7.900","6.580","8.570","6.040","10.91K","21.17%"
"04/04/2019","6.520","6.330","6.600","6.110","6.97K","-1.21%"
"04/03/2019","6.600","7.320","7.320","5.900","5.42K","-6.78%"
"04/02/2019","7.080","7.600","7.600","6.990","2.42K","-2.35%"
"04/01/2019","7.250","7.980","7.980","6.574","1.96K","-2.29%"
"03/29/2019","7.420","9.200","9.200","7.420","3.11K","-15.30%"
"03/28/2019","8.760","8.760","8.760","7.550","2.04K","6.96%"
"03/27/2019","8.190","9.010","9.260","7.710","7.12K","-11.46%"
"03/26/2019","9.250","9.250","9.250","9.250","0.10K","0.43%"
"03/25/2019","9.210","9.200","9.460","8.950","4.02K","-0.86%"
"03/22/2019","9.290","9.830","10.400","8.240","6.79K","-9.52%"
"03/21/2019","10.268","10.350","10.350","9.500","7.59K","5.31%"
"03/20/2019","9.750","10.000","10.400","9.500","12.16K","-6.25%"
"03/19/2019","10.400","10.290","10.400","9.480","8.47K","1.07%"
"03/18/2019","10.290","9.980","11.500","9.400","13.65K","5.00%"
"03/15/2019","9.800","11.500","11.500","9.800","13.30K","-14.41%"
"03/14/2019","11.450","10.670","12.220","10.190","12.82K","3.90%"
"03/13/2019","11.020","11.020","11.020","9.660","11.28K","4.36%"
"03/12/2019","10.560","11.380","12.680","10.560","3.35K","-7.37%"
"03/11/2019","11.400","10.640","12.680","10.310","8.46K","-3.39%"
"03/08/2019","11.800","11.800","11.800","10.717","0.70K","0.08%"
"03/07/2019","11.790","11.790","11.790","10.300","6.60K","1.65%"
"03/06/2019","11.599","11.680","11.790","11.570","1.30K","0.17%"
"03/05/2019","11.579","11.000","11.789","10.230","2.35K","1.57%"
"03/04/2019","11.400","11.790","11.790","10.280","3.81K","5.65%"
"03/01/2019","10.790","11.790","11.790","10.630","3.77K","-10.08%"
"02/28/2019","12.000","12.450","12.660","10.550","3.55K","-1.64%"
"02/27/2019","12.200","13.200","13.556","11.590","9.64K","-8.55%"
"02/26/2019","13.340","13.050","13.480","12.000","4.78K","0.88%"
"02/25/2019","13.224","12.400","13.450","12.000","6.74K","6.82%"
"02/22/2019","12.380","11.280","12.500","11.140","9.45K","7.56%"
"02/21/2019","11.510","11.540","11.540","10.070","1.50K","-0.09%"
"02/20/2019","11.520","11.520","11.520","10.400","4.54K","0.17%"
"02/19/2019","11.500","10.070","11.500","10.070","7.98K","5.41%"
"02/15/2019","10.910","10.400","10.920","9.920","1.73K","-0.09%"
"02/14/2019","10.920","9.640","11.170","9.036","26.82K","12.00%"
"02/13/2019","9.750","9.480","9.750","9.480","3.04K","2.74%"
"02/12/2019","9.490","9.300","9.500","9.290","2.35K","2.15%"
"02/11/2019","9.290","9.200","9.290","9.170","0.90K","-0.11%"
"02/07/2019","9.300","9.300","9.300","9.300","0.41K","0.54%"
"02/06/2019","9.250","8.101","9.250","8.100","1.65K","1.65%"
"02/05/2019","9.100","9.000","9.100","8.950","1.16K","1.45%"
"02/04/2019","8.970","8.980","8.980","8.850","1.50K","1.36%"
"02/01/2019","8.850","8.850","8.850","8.070","5.08K","3.03%"
"01/31/2019","8.590","8.770","8.850","7.840","6.11K","-2.05%"
"01/30/2019","8.770","8.840","8.900","7.500","9.69K","0.34%"
"01/29/2019","8.740","7.900","8.740","7.530","0.90K","-1.80%"
"01/28/2019","8.900","9.250","9.250","8.330","0.93K","1.36%"
"01/25/2019","8.781","8.221","9.080","8.071","7.12K","12.29%"
"01/24/2019","7.820","8.000","8.400","7.500","6.28K","-5.56%"
"01/23/2019","8.280","8.400","8.400","7.660","3.89K","3.53%"
"01/22/2019","7.997","7.240","8.000","7.240","2.40K","9.55%"
"01/18/2019","7.300","8.490","8.500","7.300","6.44K","-4.45%"
"01/17/2019","7.640","8.140","8.780","7.590","7.99K","-15.11%"
"01/16/2019","9.000","9.210","9.210","7.790","8.30K","2.04%"
"01/15/2019","8.820","9.170","9.210","8.420","17.65K","-3.82%"
"01/14/2019","9.170","9.000","9.190","9.000","3.06K","3.27%"
"01/11/2019","8.880","8.740","8.950","8.220","11.92K","1.60%"
"01/10/2019","8.740","8.490","8.750","7.960","12.59K","2.82%"
"01/09/2019","8.500","8.280","8.750","7.660","3.91K","0.47%"
"01/08/2019","8.460","8.000","8.460","7.932","8.85K","5.75%"
"01/07/2019","8.000","7.500","8.000","6.650","6.93K","6.67%"
"01/04/2019","7.500","7.010","7.500","6.400","5.89K","7.14%"
"01/03/2019","7.000","7.010","7.010","6.550","2.71K","3.09%"
"01/02/2019","6.790","6.170","6.790","6.170","1.91K","4.46%"